{"type": "FeatureCollection", "features": [{"type": "Feature", "properties": {"ID": "828C084C-E105-4193-98E0-D23A6FBAD1FB", "FEATCODE": 15608}, "geometry": {"type": "Polygon", "coordinates": [[[-0.23003482500402, 51.48845952568083, 0.0], [-0.230024505695606, 51.48846935153917, 0.0], [-0.229656441711179, 51.48882367318488, 0.0], [-0.229638937266017, 51.4888404945686, 0.0], [-0.229622180445361, 51.488856607841086, 0.0], [-0.229604521573502, 51.48887369666165, 0.0], [-0.229417050644121, 51.48905404233139, 0.0], [-0.229410764167452, 51.48906015220009, 0.0], [-0.229119769821209, 51.48887501021634, 0.0], [-0.228984678102295, 51.488818745707114, 0.0], [-0.228789801499297, 51.488758970271675, 0.0], [-0.228733985584035, 51.48872737307721, 0.0], [-0.228703558445286, 51.48868365984789, 0.0], [-0.228667730853259, 51.48854886151994, 0.0], [-0.228626239095565, 51.48846730280418, 0.0], [-0.228367555585945, 51.488173388768494, 0.0], [-0.228153983238365, 51.48795317438042, 0.0], [-0.227598751839923, 51.48741728711047, 0.0], [-0.227505402742367, 51.48733962025162, 0.0], [-0.227339082607317, 51.48723081551725, 0.0], [-0.227227548668353, 51.48712068058423, 0.0], [-0.227181434676593, 51.487069266061084, 0.0], [-0.227149955196673, 51.48708245867863, 0.0], [-0.226950320687916, 51.486870815685656, 0.0], [-0.226903612435609, 51.486801317244876, 0.0], [-0.226843700485177, 51.486671189892604, 0.0], [-0.226802024886715, 51.486605634256165, 0.0], [-0.226413398547554, 51.48613844462282, 0.0], [-0.225728468871353, 51.485241787667384, 0.0], [-0.225720665118037, 51.485231328276114, 0.0], [-0.225020627395303, 51.48429046522217, 0.0], [-0.224598396615326, 51.48362888323282, 0.0], [-0.224467201273822, 51.48335046880304, 0.0], [-0.224173251962626, 51.482556929716104, 0.0], [-0.224102046503377, 51.482432384946094, 0.0], [-0.22390859634697, 51.48213657076959, 0.0], [-0.223682136786938, 51.4819342273966, 0.0], [-0.223682291198255, 51.48193395996196, 0.0], [-0.223682940271347, 51.481932081378204, 0.0], [-0.223683592836366, 51.48193011292279, 0.0], [-0.223684101465983, 51.48192814228701, 0.0], [-0.223684610095555, 51.481926171651224, 0.0], [-0.223684974789751, 51.481924198835095, 0.0], [-0.223685339483912, 51.48192222601895, 0.0], [-0.223685560242723, 51.48192025102247, 0.0], [-0.2236856370662, 51.481918273845615, 0.0], [-0.223685569954363, 51.481916294488414, 0.0], [-0.223685646777829, 51.48191431731157, 0.0], [-0.2236854357307, 51.481912335774005, 0.0], [-0.223685224683586, 51.48191035423646, 0.0], [-0.223684869701208, 51.48190837051855, 0.0], [-0.223684511226883, 51.4819064766723, 0.0], [-0.223684012309294, 51.48190449077405, 0.0], [-0.223683369456483, 51.48190250269543, 0.0], [-0.223682723111748, 51.48190060448847, 0.0], [-0.223681932831814, 51.481898704101155, 0.0], [-0.223681142551944, 51.48189680371384, 0.0], [-0.223680208336899, 51.48189490114616, 0.0], [-0.223679274121931, 51.48189299857849, 0.0], [-0.223678195971815, 51.48189109383041, 0.0], [-0.223677107345817, 51.48188945869737, 0.0], [-0.223811364403422, 51.48184419205127, 0.0], [-0.223907952920555, 51.481800962533654, 0.0], [-0.22397538105111, 51.481752075661475, 0.0], [-0.224014431378579, 51.48169592469485, 0.0], [-0.224028082809258, 51.4816410976121, 0.0], [-0.224027053228896, 51.48157121062603, 0.0], [-0.223963588539663, 51.48115848478284, 0.0], [-0.22391873275208, 51.48087103590282, 0.0], [-0.223883809387309, 51.480520700295976, 0.0], [-0.223885641039608, 51.480202934533274, 0.0], [-0.223801687355724, 51.47965042509818, 0.0], [-0.223757957344089, 51.478796558005364, 0.0], [-0.223719894559946, 51.478345459090264, 0.0], [-0.223657215843909, 51.477883016421146, 0.0], [-0.223603459431177, 51.477580145222994, 0.0], [-0.223485234435823, 51.4770722582645, 0.0], [-0.223346710194221, 51.476605069206315, 0.0], [-0.223191911709273, 51.476171355077874, 0.0], [-0.222924737771544, 51.47551310433121, 0.0], [-0.222926230506063, 51.475319069514434, 0.0], [-0.222903721980387, 51.475183121978134, 0.0], [-0.222837447683716, 51.47501728559791, 0.0], [-0.222722525646159, 51.474802692038324, 0.0], [-0.222609339222331, 51.474628680695005, 0.0], [-0.22246838081471, 51.474446784478886, 0.0], [-0.222177341358709, 51.47410290639455, 0.0], [-0.221955519252084, 51.47387877778026, 0.0], [-0.221459926473961, 51.47342613429, 0.0], [-0.221026022093435, 51.47305733516351, 0.0], [-0.219289266103024, 51.4716057549157, 0.0], [-0.219177935786281, 51.471521423236595, 0.0], [-0.219062803081083, 51.471453400002176, 0.0], [-0.218982621356088, 51.47138635717192, 0.0], [-0.218905297598242, 51.471293998912344, 0.0], [-0.218800042922929, 51.47119788908222, 0.0], [-0.21728954896614, 51.46994395259171, 0.0], [-0.217078497480408, 51.46978814112381, 0.0], [-0.216830574277037, 51.46962160701409, 0.0], [-0.216604540542185, 51.46948085403385, 0.0], [-0.216351575072721, 51.46933663347234, 0.0], [-0.215968058171933, 51.46914717216385, 0.0], [-0.21556327338344, 51.468975191019986, 0.0], [-0.21404580895495, 51.468401656718555, 0.0], [-0.213917611661045, 51.46836256496541, 0.0], [-0.213685682704744, 51.46831415920767, 0.0], [-0.213512708098147, 51.468212426571014, 0.0], [-0.213401220852327, 51.468162078466484, 0.0], [-0.21228231219161, 51.467754839511855, 0.0], [-0.212264888625604, 51.46772175126312, 0.0], [-0.212224101744835, 51.46770440333262, 0.0], [-0.212221553883092, 51.467703285384744, 0.0], [-0.212415312147817, 51.46753097598266, 0.0], [-0.212437236555366, 51.46751152676568, 0.0], [-0.213085631841545, 51.466934650437516, 0.0], [-0.213092342003032, 51.466928727735265, 0.0], [-0.213103081066492, 51.46691917951369, 0.0], [-0.213103231975565, 51.466919001963795, 0.0], [-0.213103379373746, 51.466918914285316, 0.0], [-0.213649289872421, 51.46642949857483, 0.0], [-0.21365152537388, 51.466427554286554, 0.0], [-0.213654059175953, 51.46642534476834, 0.0], [-0.213703145404329, 51.466381310021276, 0.0], [-0.213850845702776, 51.46624894261089, 0.0], [-0.213977660849966, 51.466135231029135, 0.0], [-0.213984476075858, 51.46613398597148, 0.0], [-0.213999622617729, 51.46614060136392, 0.0], [-0.21403359005312, 51.466155596685404, 0.0], [-0.214099633161625, 51.466141854983626, 0.0], [-0.214636612054046, 51.46636027735811, 0.0], [-0.214708320580088, 51.46640426343429, 0.0], [-0.214831089003423, 51.46650855716886, 0.0], [-0.215042604571888, 51.46662238503675, 0.0], [-0.215075464103074, 51.46665103176628, 0.0], [-0.215091429313986, 51.46668095002174, 0.0], [-0.215082128392955, 51.46677540940121, 0.0], [-0.215089695695059, 51.46681023560376, 0.0], [-0.21511731944156, 51.466843928331286, 0.0], [-0.215167698465852, 51.46687742790169, 0.0], [-0.215260836907, 51.4669183227029, 0.0], [-0.215348630027484, 51.46694124101763, 0.0], [-0.215414113009982, 51.46694556494592, 0.0], [-0.215550346068528, 51.46693729705441, 0.0], [-0.215626915709289, 51.46694898358527, 0.0], [-0.215713299003163, 51.46698959536835, 0.0], [-0.215778749537137, 51.46705380855912, 0.0], [-0.215841989307837, 51.467038134791075, 0.0], [-0.21689054340082, 51.46753680246428, 0.0], [-0.217376628064158, 51.46778735055643, 0.0], [-0.218606344593757, 51.46855943051936, 0.0], [-0.218649848823516, 51.468588417793384, 0.0], [-0.218817403898693, 51.468692848109086, 0.0], [-0.219009459135144, 51.468818872585466, 0.0], [-0.220234726620877, 51.46973258890495, 0.0], [-0.220234723123643, 51.46973267877665, 0.0], [-0.220235846319361, 51.469733415223985, 0.0], [-0.220236825618414, 51.469734149487095, 0.0], [-0.220238784216613, 51.46973561801326, 0.0], [-0.220641204840082, 51.47003559984879, 0.0], [-0.220833459363858, 51.47017897975473, 0.0], [-0.22102623291518, 51.47035716809328, 0.0], [-0.222617001950272, 51.47159734507001, 0.0], [-0.222756340588808, 51.471683626699985, 0.0], [-0.222790036990123, 51.47169465863559, 0.0], [-0.222846883812644, 51.471739853140406, 0.0], [-0.22284883908772, 51.47174141149593, 0.0], [-0.2228509417585, 51.4717428821607, 0.0], [-0.222853044429414, 51.47174435282541, 0.0], [-0.222855291003699, 51.47174582567117, 0.0], [-0.222857541070461, 51.471747208645105, 0.0], [-0.22285979113736, 51.471748591618976, 0.0], [-0.222862188599967, 51.47174988690209, 0.0], [-0.22286458606271, 51.47175118218514, 0.0], [-0.22286713092116, 51.471752389777414, 0.0], [-0.222868685918485, 51.47175313274332, 0.0], [-0.222869675779747, 51.471753597369634, 0.0], [-0.222872224130773, 51.47175471508999, 0.0], [-0.222874916385191, 51.47175583499135, 0.0], [-0.222877612132038, 51.471756865020865, 0.0], [-0.222880307879007, 51.4717578950503, 0.0], [-0.222883007118383, 51.4717588352079, 0.0], [-0.22288585026115, 51.471759777546474, 0.0], [-0.222888696896312, 51.47176063001317, 0.0], [-0.222891690927135, 51.47176139478903, 0.0], [-0.222894541054771, 51.47176215738378, 0.0], [-0.222896822553851, 51.47176273151083, 0.0], [-0.222897535085794, 51.471762922159506, 0.0], [-0.22290053260917, 51.47176359706335, 0.0], [-0.222903533624881, 51.471764182095335, 0.0], [-0.222906534640671, 51.471764767127226, 0.0], [-0.222909683052072, 51.47176526446826, 0.0], [-0.222912691052469, 51.471765669756394, 0.0], [-0.222915842956224, 51.47176607722549, 0.0], [-0.222918566642339, 51.47176638827971, 0.0], [-0.222918994860038, 51.471766484694484, 0.0], [-0.222922153748326, 51.471766712419786, 0.0], [-0.222925312636648, 51.471766940145024, 0.0], [-0.222928471525005, 51.471767167870155, 0.0], [-0.222931633905584, 51.47176730572343, 0.0], [-0.222934799778369, 51.47176735370482, 0.0], [-0.222937965651161, 51.47176740168613, 0.0], [-0.222941135016135, 51.47176735979555, 0.0], [-0.22294430787327, 51.4717672280331, 0.0], [-0.222947480730388, 51.47176709627053, 0.0], [-0.222950657079643, 51.4717668746361, 0.0], [-0.222953689525562, 51.47176665082064, 0.0], [-0.2229568693669, 51.47176633931426, 0.0], [-0.222960052700331, 51.47176593793598, 0.0], [-0.222963092130403, 51.471765534376686, 0.0], [-0.222966131560424, 51.47176513081731, 0.0], [-0.222969177974625, 51.47176454751427, 0.0], [-0.222972224388748, 51.47176396421113, 0.0], [-0.222975270802797, 51.47176338090791, 0.0], [-0.222978320708868, 51.47176270773283, 0.0], [-0.222981230203646, 51.47176194250494, 0.0], [-0.22298413969833, 51.47176117727701, 0.0], [-0.222987052684997, 51.47176032217718, 0.0], [-0.222989821768268, 51.47175946489639, 0.0], [-0.222992738246792, 51.47175851992462, 0.0], [-0.222995510821914, 51.47175757277189, 0.0], [-0.2229981429857, 51.47175653356639, 0.0], [-0.223000775149367, 51.47175549436084, 0.0], [-0.223003410804964, 51.471754365283445, 0.0], [-0.22300604646043, 51.47175323620597, 0.0], [-0.223008541704538, 51.47175201507576, 0.0], [-0.223011036948514, 51.47175079394549, 0.0], [-0.223013391781124, 51.47174948076251, 0.0], [-0.2230157466136, 51.47174816757946, 0.0], [-0.223018104937959, 51.47174676452458, 0.0], [-0.223020319358926, 51.47174535928879, 0.0], [-0.223022533779757, 51.47174395405293, 0.0], [-0.223024607789219, 51.471742456764396, 0.0], [-0.223026681798545, 51.471740959475824, 0.0], [-0.223028615396503, 51.47173937013453, 0.0], [-0.223030548994326, 51.47173778079323, 0.0], [-0.223032338688796, 51.471736189271034, 0.0], [-0.223034131875124, 51.47173450787701, 0.0], [-0.223035781158112, 51.47173282430211, 0.0], [-0.223037430440977, 51.471731140727194, 0.0], [-0.223038935820524, 51.47172945497141, 0.0], [-0.223040444691929, 51.4717276793438, 0.0], [-0.22304180966003, 51.47172590153532, 0.0], [-0.223043034216806, 51.4717240316742, 0.0], [-0.223044255281519, 51.47172225168487, 0.0], [-0.223045479838096, 51.47172038182373, 0.0], [-0.223046560491407, 51.471718509781724, 0.0], [-0.223047497241471, 51.471716635558906, 0.0], [-0.223048433991456, 51.47171476133603, 0.0], [-0.223049230330167, 51.47171279506056, 0.0], [-0.223049879273719, 51.47171091647603, 0.0], [-0.223050531709165, 51.4717089480197, 0.0], [-0.223051184144552, 51.47170697956337, 0.0], [-0.223051191128447, 51.471706799819785, 0.0], [-0.223051548773639, 51.471705006745395, 0.0], [-0.223051913402691, 51.47170303392741, 0.0], [-0.22305227803171, 51.47170106110942, 0.0], [-0.223052498757592, 51.471699086110625, 0.0], [-0.223052575580357, 51.471697108930975, 0.0], [-0.223052638435339, 51.47169549123854, 0.0], [-0.223052652403112, 51.47169513175133, 0.0], [-0.223052585322775, 51.47169315239087, 0.0], [-0.223052374339363, 51.471691170849596, 0.0], [-0.223052163355968, 51.47168918930831, 0.0], [-0.223051808469523, 51.4716872055862, 0.0], [-0.223051450091162, 51.471685311735875, 0.0], [-0.223050951301721, 51.47168332583294, 0.0], [-0.223050308609274, 51.47168133774916, 0.0], [-0.223049662424934, 51.47167943953719, 0.0], [-0.223049016240646, 51.471677541325235, 0.0], [-0.223048752878216, 51.47167690786097, 0.0], [-0.223048082250351, 51.4716756387516, 0.0], [-0.223047148260132, 51.47167373617796, 0.0], [-0.22304621426999, 51.471671833604304, 0.0], [-0.223045136376912, 51.47166992884983, 0.0], [-0.223043911088962, 51.47166811178629, 0.0], [-0.223042685801106, 51.47166629472275, 0.0], [-0.223041316610354, 51.47166447547835, 0.0], [-0.223039943927745, 51.47166274610576, 0.0], [-0.223038430834223, 51.47166092468049, 0.0], [-0.223036914248852, 51.47165919312703, 0.0], [-0.223035250268651, 51.47165754926447, 0.0], [-0.223033586288567, 51.4716559054019, 0.0], [-0.223031778405643, 51.47165425935847, 0.0], [-0.223029970522848, 51.47165261331503, 0.0], [-0.223028015245247, 51.471651054962486, 0.0], [-0.223027597504345, 51.471650688932726, 0.0], [-0.223245897249622, 51.471476125968934, 0.0], [-0.223278133109951, 51.471450626195676, 0.0], [-0.223429412776895, 51.47148529132478, 0.0], [-0.223449311250651, 51.471491977472255, 0.0], [-0.223468497199964, 51.4714984729712, 0.0], [-0.223736350139119, 51.47159020757825, 0.0], [-0.223380440154886, 51.47167105316854, 0.0], [-0.223212941000102, 51.471705474159585, 0.0], [-0.223022501052302, 51.47175591354486, 0.0], [-0.223019416227147, 51.47175748543909, 0.0], [-0.222982686115475, 51.471776352525275, 0.0], [-0.222997844004865, 51.47184204744457, 0.0], [-0.223039604474925, 51.47189753440643, 0.0], [-0.223641511044505, 51.47240079096337, 0.0], [-0.224018955105696, 51.472748132447045, 0.0], [-0.224375634993577, 51.47310379099747, 0.0], [-0.224828425319183, 51.473602534874324, 0.0], [-0.225757114693382, 51.47474001975101, 0.0], [-0.226210992859815, 51.47531916707242, 0.0], [-0.226311056649524, 51.475468067210684, 0.0], [-0.22640773931295, 51.4756373290057, 0.0], [-0.226589227619271, 51.47603709122007, 0.0], [-0.226701798248888, 51.47637969792364, 0.0], [-0.226776503570608, 51.47668872955097, 0.0], [-0.226834114730259, 51.476996693294225, 0.0], [-0.226862006486256, 51.477283794704285, 0.0], [-0.226866211319147, 51.47758384675327, 0.0], [-0.226852269187791, 51.477913659192076, 0.0], [-0.226826584693443, 51.47816748761953, 0.0], [-0.226743978009608, 51.47868222571125, 0.0], [-0.226716603186651, 51.479150408724564, 0.0], [-0.226738280413287, 51.47982795849493, 0.0], [-0.226818075399708, 51.480674276180025, 0.0], [-0.227011973140837, 51.481931835297424, 0.0], [-0.227246246828449, 51.483140096077506, 0.0], [-0.227405622008604, 51.48372476654358, 0.0], [-0.227599591323997, 51.48421967539903, 0.0], [-0.227621746427574, 51.48439491340332, 0.0], [-0.227655297215295, 51.48448426589285, 0.0], [-0.227876302375019, 51.484861511964795, 0.0], [-0.227997537289259, 51.485044541838185, 0.0], [-0.228212888045705, 51.485259388091684, 0.0], [-0.228487098221355, 51.48561306725446, 0.0], [-0.228635607531, 51.48578742607362, 0.0], [-0.229042370192627, 51.486199668534525, 0.0], [-0.229385836620485, 51.48652453643778, 0.0], [-0.229661013742865, 51.48674954542076, 0.0], [-0.230538861961353, 51.48740557440307, 0.0], [-0.23072167385123, 51.487531349308654, 0.0], [-0.230890412996306, 51.4876337111225, 0.0], [-0.230879939671315, 51.487643804505154, 0.0], [-0.230662813923891, 51.48785373952362, 0.0], [-0.230646805436289, 51.48786914483651, 0.0], [-0.230630639066912, 51.48788490746276, 0.0], [-0.230618221154519, 51.48789685989472, 0.0], [-0.230614177818727, 51.4879008454864, 0.0], [-0.230352010552719, 51.48815425321446, 0.0], [-0.230344380011908, 51.488161601791916, 0.0], [-0.230336896903818, 51.48816886266929, 0.0], [-0.23003482500402, 51.48845952568083, 0.0]]]}}, {"type": "Feature", "properties": {"ID": "0BBC7C04-A27E-4D5C-8AC6-CDF4242DF4C3", "FEATCODE": 15608}, "geometry": {"type": "Polygon", "coordinates": [[[-0.209935446245071, 51.46520697967955, 0.0], [-0.21007096921003, 51.46494448948885, 0.0], [-0.210080014098721, 51.46492673250531, 0.0], [-0.210092470515068, 51.46490273285541, 0.0], [-0.210098082755322, 51.46489175776343, 0.0], [-0.210102768411425, 51.464882387175045, 0.0], [-0.210127260089625, 51.46483411166474, 0.0], [-0.210251917248655, 51.46487504204332, 0.0], [-0.2102652371278, 51.464847368632874, 0.0], [-0.210130222389653, 51.46482831176483, 0.0], [-0.210143942321006, 51.46480145379946, 0.0], [-0.210268838225028, 51.464839959831465, 0.0], [-0.210362572287839, 51.46487277443239, 0.0], [-0.210350018403316, 51.46488822975182, 0.0], [-0.21033217117453, 51.46492122956242, 0.0], [-0.210311849254516, 51.46496228484153, 0.0], [-0.210306831003173, 51.464961758616106, 0.0], [-0.210304637628031, 51.46496262438503, 0.0], [-0.210298214884644, 51.46497223824027, 0.0], [-0.210291651773713, 51.46498176002757, 0.0], [-0.210290826883633, 51.46498444518462, 0.0], [-0.210292107465765, 51.46498851135508, 0.0], [-0.210295616586567, 51.46499081304406, 0.0], [-0.210299862693563, 51.464992676357866, 0.0], [-0.210425615234843, 51.465035062067045, 0.0], [-0.210432072307259, 51.46503561024858, 0.0], [-0.210439301523956, 51.46503482134092, 0.0], [-0.210444425261308, 51.46503265142211, 0.0], [-0.210456463131277, 51.4650193464157, 0.0], [-0.210458007417832, 51.4650166722378, 0.0], [-0.21045809531406, 51.465014425455585, 0.0], [-0.210456761978693, 51.465011707356126, 0.0], [-0.210454691658836, 51.4650094276327, 0.0], [-0.210449041891821, 51.46500664365069, 0.0], [-0.210370926953585, 51.464979373103276, 0.0], [-0.210329027062138, 51.46496479517287, 0.0], [-0.210365634317981, 51.464893863610534, 0.0], [-0.210379609425504, 51.46487887960754, 0.0], [-0.211026649764807, 51.46509099533221, 0.0], [-0.211758329971564, 51.46531464984392, 0.0], [-0.211771988071385, 51.465318814853525, 0.0], [-0.211881677581198, 51.46535232119946, 0.0], [-0.212135055106033, 51.465429833687445, 0.0], [-0.212155682730997, 51.46543617320166, 0.0], [-0.213372659556773, 51.465822876649554, 0.0], [-0.213735625712278, 51.465973545816816, 0.0], [-0.213733930613246, 51.46601326679886, 0.0], [-0.213759415688042, 51.46603532696379, 0.0], [-0.213790129770508, 51.466048833994215, 0.0], [-0.213792396829912, 51.46604976778088, 0.0], [-0.213792102041834, 51.466049943139716, 0.0], [-0.2136618579962, 51.4661666597286, 0.0], [-0.21351519972596, 51.46629814353229, 0.0], [-0.213478698585023, 51.466281670655555, 0.0], [-0.21342945081586, 51.466326152472895, 0.0], [-0.213465818618601, 51.46634235355834, 0.0], [-0.213465071110213, 51.46634306156754, 0.0], [-0.213460442173873, 51.46634730743017, 0.0], [-0.21345969817544, 51.46634792556792, 0.0], [-0.212914537701477, 51.466836542514905, 0.0], [-0.212897088445667, 51.466852013410566, 0.0], [-0.21288783738501, 51.466860325345294, 0.0], [-0.21224869200454, 51.46742888869194, 0.0], [-0.212239149417645, 51.46743728605587, 0.0], [-0.212032113994397, 51.46762144263942, 0.0], [-0.212031215527051, 51.46762232818733, 0.0], [-0.211988730257721, 51.467604234875054, 0.0], [-0.211937491440259, 51.467607500105295, 0.0], [-0.21192855944919, 51.46761500750691, 0.0], [-0.211101338952457, 51.46732263286019, 0.0], [-0.210980201113104, 51.46734245645853, 0.0], [-0.21085541191434, 51.46743722159314, 0.0], [-0.210906041276339, 51.46746793915409, 0.0], [-0.210604371554457, 51.46768248260277, 0.0], [-0.210569079423101, 51.46769030700162, 0.0], [-0.210566173505005, 51.467690982051174, 0.0], [-0.210563264070847, 51.46769174697193, 0.0], [-0.210560354636594, 51.46769251189263, 0.0], [-0.210557441686253, 51.46769336668449, 0.0], [-0.210554672625333, 51.4676942236723, 0.0], [-0.210551900048306, 51.46769517053132, 0.0], [-0.2105492713607, 51.4676961195863, 0.0], [-0.210546495267438, 51.46769715631642, 0.0], [-0.210543863063589, 51.467698195242555, 0.0], [-0.21054137123314, 51.467699326235916, 0.0], [-0.210538879402569, 51.46770045722921, 0.0], [-0.210536384055842, 51.46770167809373, 0.0], [-0.210533888708982, 51.46770289895818, 0.0], [-0.210531537251546, 51.467704122018645, 0.0], [-0.210529182277937, 51.467705434950304, 0.0], [-0.210528589139452, 51.467705875522284, 0.0], [-0.210503943724353, 51.46768077002506, 0.0], [-0.210497574451821, 51.46767428814549, 0.0], [-0.210664929994932, 51.46750355697537, 0.0], [-0.210743223134129, 51.467349721231535, 0.0], [-0.210803198384732, 51.467270333512914, 0.0], [-0.210826829151592, 51.467247763260076, 0.0], [-0.210831943304482, 51.46723480218751, 0.0], [-0.210600706313962, 51.4671578946248, 0.0], [-0.21037600694596, 51.46709790234903, 0.0], [-0.209269147740812, 51.46685861811775, 0.0], [-0.209254268149562, 51.466889325039126, 0.0], [-0.209206884741682, 51.46687870959097, 0.0], [-0.20908049495416, 51.46685249936371, 0.0], [-0.2090828467886, 51.46684758941539, 0.0], [-0.209090699135129, 51.46683089339286, 0.0], [-0.209093521333684, 51.466825001454566, 0.0], [-0.209108604715243, 51.46679276894159, 0.0], [-0.209232402951712, 51.46655420052818, 0.0], [-0.209259497349253, 51.46650200825648, 0.0], [-0.20926728272002, 51.46648701977293, 0.0], [-0.209267588083141, 51.466486574812045, 0.0], [-0.209298104715327, 51.46642787027849, 0.0], [-0.209422291900687, 51.46646618650826, 0.0], [-0.209430170426862, 51.46646720607668, 0.0], [-0.209436645277953, 51.46646730495867, 0.0], [-0.209445383953423, 51.46646474066425, 0.0], [-0.209449806060974, 51.46646211044854, 0.0], [-0.209452069884661, 51.466459447272356, 0.0], [-0.209454386478112, 51.46645543602784, 0.0], [-0.209454527198169, 51.466451841179136, 0.0], [-0.209453913310571, 51.46644913405586, 0.0], [-0.209451878157911, 51.466445955602914, 0.0], [-0.20944840415049, 51.46644275517641, 0.0], [-0.209447000475599, 51.46644183449064, 0.0], [-0.209442034843563, 51.466439960158596, 0.0], [-0.209437051621771, 51.466438535182405, 0.0], [-0.209301372590594, 51.46642162544208, 0.0], [-0.209324265283183, 51.46637746222827, 0.0], [-0.209487847180559, 51.46606405410727, 0.0], [-0.209487850698446, 51.46606396423604, 0.0], [-0.209618256772871, 51.46609050514226, 0.0], [-0.209653567259224, 51.46602333084947, 0.0], [-0.209523017469799, 51.46599678778664, 0.0], [-0.209567843656987, 51.46591087459291, 0.0], [-0.209583080484016, 51.46588206150909, 0.0], [-0.209603283884859, 51.46584406199477, 0.0], [-0.209670910322013, 51.46571632212473, 0.0], [-0.209672774102565, 51.46571284351113, 0.0], [-0.209696441760769, 51.46566725325803, 0.0], [-0.209673445423075, 51.46566258571427, 0.0], [-0.209659446889976, 51.4656597641357, 0.0], [-0.209657162348569, 51.46565927962627, 0.0], [-0.209692335581372, 51.46559192337372, 0.0], [-0.209731632529187, 51.46559944763705, 0.0], [-0.20989744816723, 51.465280317848034, 0.0], [-0.209917222901601, 51.46524222180918, 0.0], [-0.209920497637879, 51.46523579721015, 0.0], [-0.209923761822438, 51.4652296422248, 0.0], [-0.209923765339364, 51.465229552353534, 0.0], [-0.209933733421442, 51.46521028075221, 0.0], [-0.209934982947997, 51.46520778193073, 0.0], [-0.209935446245071, 51.46520697967955, 0.0]]]}}, {"type": "Feature", "properties": {"ID": "C74F7864-8D0D-4693-AAA9-34E15C5A318A", "FEATCODE": 15608}, "geometry": {"type": "Polygon", "coordinates": [[[-0.18742473954436, 51.46437967306246, 0.0], [-0.187248946528626, 51.46419467678453, 0.0], [-0.1872485362666, 51.46419413089001, 0.0], [-0.187263295734668, 51.464188603876444, 0.0], [-0.187259010062561, 51.46418413127886, 0.0], [-0.187272867088624, 51.46416141459435, 0.0], [-0.188017769708976, 51.4639098980303, 0.0], [-0.188129365349674, 51.4638729548263, 0.0], [-0.188283218634, 51.46382317573162, 0.0], [-0.188317096058478, 51.46381110969021, 0.0], [-0.188478431977304, 51.46376504297309, 0.0], [-0.188580023294832, 51.46377713385688, 0.0], [-0.188687554159284, 51.46376647541014, 0.0], [-0.189377348100984, 51.463608430411476, 0.0], [-0.19014513515704, 51.46345113573302, 0.0], [-0.190355209241726, 51.46341391206196, 0.0], [-0.190768253257467, 51.46334070284603, 0.0], [-0.190918295031394, 51.46331801890408, 0.0], [-0.191459815113712, 51.46323590864587, 0.0], [-0.191751099571077, 51.463198226589, 0.0], [-0.192355013880734, 51.46313640841452, 0.0], [-0.193348277944683, 51.46305432929043, 0.0], [-0.19373513921933, 51.463005975164045, 0.0], [-0.194644426994987, 51.46291036147916, 0.0], [-0.194747951964183, 51.46288803545949, 0.0], [-0.194799042698837, 51.46285923674239, 0.0], [-0.194831056027437, 51.46281773460249, 0.0], [-0.194843283248776, 51.46276324836795, 0.0], [-0.194833998450262, 51.46270303540844, 0.0], [-0.194800462578144, 51.462633546463614, 0.0], [-0.194683071531176, 51.462467355732855, 0.0], [-0.194621040047318, 51.46236118810907, 0.0], [-0.194445188296365, 51.46194734222987, 0.0], [-0.19439567645056, 51.46187050303154, 0.0], [-0.194334346594257, 51.46180130529, 0.0], [-0.194042560058518, 51.46157118879933, 0.0], [-0.194010758018073, 51.46153805608563, 0.0], [-0.194000442507596, 51.461511279331674, 0.0], [-0.194008901265903, 51.461490277212846, 0.0], [-0.194034556848395, 51.461471248569005, 0.0], [-0.194143973103036, 51.4614345358883, 0.0], [-0.194237838431706, 51.461419795110814, 0.0], [-0.194271590361907, 51.461414469817825, 0.0], [-0.194365515640384, 51.46142373988461, 0.0], [-0.194413229656661, 51.46144398847971, 0.0], [-0.194460685242065, 51.4614780815525, 0.0], [-0.194691758403003, 51.4617036651333, 0.0], [-0.19475518043706, 51.46173809386023, 0.0], [-0.194811774863759, 51.46174490032515, 0.0], [-0.194842585246523, 51.46173386428998, 0.0], [-0.194864041561401, 51.46171180328028, 0.0], [-0.194873127093076, 51.46164207130987, 0.0], [-0.194841027553808, 51.46155443959115, 0.0], [-0.194753440532013, 51.46140642303355, 0.0], [-0.194737036037657, 51.461380721617324, 0.0], [-0.194726193266216, 51.461363648729154, 0.0], [-0.194696492232152, 51.46130644860614, 0.0], [-0.194740795669312, 51.46076739985714, 0.0], [-0.194742078844588, 51.46075312151099, 0.0], [-0.194795186882888, 51.460702322191366, 0.0], [-0.194831213739643, 51.46070134817663, 0.0], [-0.194831128128936, 51.460696221122994, 0.0], [-0.194789627394062, 51.4605440581887, 0.0], [-0.194772924777152, 51.46054416071074, 0.0], [-0.194755358965446, 51.46054424993915, 0.0], [-0.194791440601884, 51.460257314681584, 0.0], [-0.194738244659716, 51.46018266700488, 0.0], [-0.194675072034017, 51.46012737944398, 0.0], [-0.194578631443042, 51.46007247880102, 0.0], [-0.19447084090915, 51.46003161146691, 0.0], [-0.194384246004701, 51.460011753263124, 0.0], [-0.194285668321849, 51.460000073482526, 0.0], [-0.193798066353067, 51.459979163659526, 0.0], [-0.1937109105888, 51.45995893661431, 0.0], [-0.193704981845817, 51.45995596766508, 0.0], [-0.193671285754563, 51.45991615119666, 0.0], [-0.193652305419588, 51.459893737162766, 0.0], [-0.193636223359257, 51.45982343764408, 0.0], [-0.193633880260036, 51.459813509770015, 0.0], [-0.19362922954692, 51.45979275531634, 0.0], [-0.19362651518089, 51.459781292993256, 0.0], [-0.193626266484997, 51.459780299984175, 0.0], [-0.193622592819896, 51.459763966919226, 0.0], [-0.193619269136964, 51.45974970752629, 0.0], [-0.193618169522361, 51.45974474469738, 0.0], [-0.193625912659777, 51.45973092559218, 0.0], [-0.193627461286688, 51.45972816177108, 0.0], [-0.193738750451596, 51.459756943889715, 0.0], [-0.193864647650862, 51.45977668864937, 0.0], [-0.193986336696711, 51.459782699817815, 0.0], [-0.194279609820359, 51.459781551856864, 0.0], [-0.194420951927067, 51.45979658801063, 0.0], [-0.195167974750772, 51.460017615982636, 0.0], [-0.195083267616641, 51.46054102541265, 0.0], [-0.195084914820147, 51.46069266462838, 0.0], [-0.195015016452067, 51.461044994484375, 0.0], [-0.195023683393188, 51.461157354535324, 0.0], [-0.195066240996654, 51.46138857786161, 0.0], [-0.195070467992935, 51.46140914587512, 0.0], [-0.195074583034695, 51.461428902838314, 0.0], [-0.195108369866096, 51.4617000078109, 0.0], [-0.195104063746766, 51.461856591158785, 0.0], [-0.195098383128885, 51.4618984088345, 0.0], [-0.19508607817128, 51.46199866581132, 0.0], [-0.195083896379276, 51.46201382957573, 0.0], [-0.195069159959267, 51.46216476690849, 0.0], [-0.195078863604221, 51.46226545262312, 0.0], [-0.195119707909511, 51.46237228301578, 0.0], [-0.195193353702094, 51.462483305265245, 0.0], [-0.195294080657331, 51.46258296412966, 0.0], [-0.195589949637482, 51.46279749325098, 0.0], [-0.195681037741656, 51.46284592594191, 0.0], [-0.195781015878528, 51.46287336295824, 0.0], [-0.195894156156184, 51.462884636048734, 0.0], [-0.196061814569806, 51.46288604678228, 0.0], [-0.196900201397416, 51.46286513159244, 0.0], [-0.197765120799715, 51.46283211867138, 0.0], [-0.198874557369547, 51.46283379020864, 0.0], [-0.198964762441731, 51.46282429499162, 0.0], [-0.199029182338523, 51.46280424208575, 0.0], [-0.199076530808912, 51.462771697104515, 0.0], [-0.199127968966255, 51.46271205753987, 0.0], [-0.199156564307811, 51.46271339601577, 0.0], [-0.199666813632644, 51.46273759864681, 0.0], [-0.200639357660808, 51.462837687600995, 0.0], [-0.200833585199642, 51.46285901301021, 0.0], [-0.201055639129289, 51.46287195240002, 0.0], [-0.201544866820678, 51.46291461862775, 0.0], [-0.202052715024912, 51.4629706974177, 0.0], [-0.203106725817957, 51.46310807505567, 0.0], [-0.203911729648929, 51.46322975873665, 0.0], [-0.204808734083789, 51.463388006259606, 0.0], [-0.205857924194519, 51.46358634431964, 0.0], [-0.206514888659711, 51.46372426909754, 0.0], [-0.207289753785554, 51.46390284056652, 0.0], [-0.207774269632183, 51.46404414628419, 0.0], [-0.210111938464879, 51.464791523108566, 0.0], [-0.210105814016498, 51.46480087173257, 0.0], [-0.210093999972319, 51.464823172616505, 0.0], [-0.21006836777023, 51.46487116093346, 0.0], [-0.210061997439597, 51.46488311362517, 0.0], [-0.210044753662355, 51.464915403206106, 0.0], [-0.210032321834207, 51.46493877375175, 0.0], [-0.210024245710658, 51.46495384777293, 0.0], [-0.209899368062155, 51.46519446882866, 0.0], [-0.20989282562293, 51.465207138283, 0.0], [-0.209883791154767, 51.46522462563625, 0.0], [-0.209865423882507, 51.465259865560476, 0.0], [-0.209692335581372, 51.46559192337372, 0.0], [-0.209626507738455, 51.46562589899712, 0.0], [-0.209657162348569, 51.46565927962627, 0.0], [-0.209656839407416, 51.465660173944514, 0.0], [-0.209653884026167, 51.465665794088096, 0.0], [-0.209623382451528, 51.46572413924598, 0.0], [-0.209556917492606, 51.46585162705101, 0.0], [-0.209546640232122, 51.46587143344831, 0.0], [-0.209485306461018, 51.46598919774996, 0.0], [-0.209450283524956, 51.466056376384984, 0.0], [-0.209347860666399, 51.46625282691471, 0.0], [-0.20926182909577, 51.46641670509682, 0.0], [-0.209229624130201, 51.46647808158296, 0.0], [-0.209219188621616, 51.46649824523397, 0.0], [-0.209190981423945, 51.46655311824835, 0.0], [-0.209128339872682, 51.466674819083664, 0.0], [-0.209060944279862, 51.46681497180608, 0.0], [-0.209057683380141, 51.466821036892405, 0.0], [-0.209053959149975, 51.46682790422579, 0.0], [-0.209047816609389, 51.4668377021426, 0.0], [-0.20904448532912, 51.46684556465234, 0.0], [-0.206563054165347, 51.46635504218336, 0.0], [-0.206521223569623, 51.466346039303275, 0.0], [-0.206228111527431, 51.46628328393936, 0.0], [-0.206214425468008, 51.466279837255094, 0.0], [-0.206101933113432, 51.46625176813814, 0.0], [-0.206079263407657, 51.466246115711726, 0.0], [-0.205876801415886, 51.46619571725335, 0.0], [-0.205165054967727, 51.46599643101584, 0.0], [-0.204302386675115, 51.465736018099825, 0.0], [-0.20405022122074, 51.46567559293292, 0.0], [-0.203611972784776, 51.46558776676667, 0.0], [-0.203229109946727, 51.465486399732015, 0.0], [-0.202769473466148, 51.46534941333194, 0.0], [-0.202557319124311, 51.46530038924235, 0.0], [-0.202146200862986, 51.465225742825965, 0.0], [-0.201381865057363, 51.46510152372552, 0.0], [-0.200713730399712, 51.4650132172842, 0.0], [-0.200341848767298, 51.464984309015996, 0.0], [-0.199888005678628, 51.46496385311655, 0.0], [-0.199655533229753, 51.4649629814033, 0.0], [-0.199380615076181, 51.46497611515529, 0.0], [-0.198249829436734, 51.46499246534214, 0.0], [-0.198021673356187, 51.464991656719114, 0.0], [-0.197492317566829, 51.46498405924872, 0.0], [-0.19748051153155, 51.46513387280102, 0.0], [-0.197451039680271, 51.46519492846363, 0.0], [-0.19743597339238, 51.465197304659135, 0.0], [-0.197411670409649, 51.46520025824448, 0.0], [-0.197327392211303, 51.46518709236872, 0.0], [-0.197273321017618, 51.465167286806114, 0.0], [-0.197232821142614, 51.4651355500038, 0.0], [-0.197170443278989, 51.4650488922472, 0.0], [-0.197132390882866, 51.465013506113365, 0.0], [-0.197071325688469, 51.464984870174554, 0.0], [-0.19698248769569, 51.46496686789928, 0.0], [-0.196640593550662, 51.464944254149636, 0.0], [-0.194715369526102, 51.464851858546496, 0.0], [-0.194293520504398, 51.464841585496536, 0.0], [-0.193848001670427, 51.46484740259719, 0.0], [-0.193662498435406, 51.464838339949736, 0.0], [-0.19332147405737, 51.46487031446235, 0.0], [-0.193170182843724, 51.464884439354606, 0.0], [-0.191371674698031, 51.46510840977035, 0.0], [-0.191036593751723, 51.465150181253286, 0.0], [-0.19075075612858, 51.46520997731359, 0.0], [-0.190753578555276, 51.46521505667665, 0.0], [-0.190755987114919, 51.46521968002733, 0.0], [-0.190705921892649, 51.465229698465855, 0.0], [-0.190702825928753, 51.465224255179805, 0.0], [-0.190700126059242, 51.46521971725776, 0.0], [-0.190696010409229, 51.4652182149433, 0.0], [-0.1902923811232, 51.46530047189012, 0.0], [-0.190052729204648, 51.46535729220267, 0.0], [-0.188767579703134, 51.46571944813044, 0.0], [-0.188717088427484, 51.46571111440518, 0.0], [-0.188697976600287, 51.46571747361557, 0.0], [-0.18869493575954, 51.465714279256844, 0.0], [-0.188410743315297, 51.465416102888696, 0.0], [-0.188409221135145, 51.46541455064082, 0.0], [-0.188038365508555, 51.46502546874378, 0.0], [-0.188034353202667, 51.46502136010154, 0.0], [-0.187953631400041, 51.464936661969276, 0.0], [-0.187428467546544, 51.4643836874061, 0.0], [-0.18742473954436, 51.46437967306246, 0.0]]]}}, {"type": "Feature", "properties": {"ID": "60A6A9F7-5F18-47C4-85EE-2A192A730F59", "FEATCODE": 15608}, "geometry": {"type": "Polygon", "coordinates": [[[-0.193343743282883, 51.459760749315905, 0.0], [-0.193349161764877, 51.4597511208909, 0.0], [-0.19334844599771, 51.45975101993582, 0.0], [-0.193386413320135, 51.45974827776718, 0.0], [-0.193391309060834, 51.45977011510958, 0.0], [-0.193391564848977, 51.45977092837805, 0.0], [-0.193398450122198, 51.45980070979633, 0.0], [-0.193398698813233, 51.45980170280583, 0.0], [-0.193399913878993, 51.45980738681763, 0.0], [-0.19332857485043, 51.45979126999413, 0.0], [-0.19333090314397, 51.459786989462906, 0.0], [-0.193336346473616, 51.45977673194489, 0.0], [-0.193341397247909, 51.45976547920006, 0.0], [-0.193342809127516, 51.459762533424936, 0.0], [-0.193343743282883, 51.459760749315905, 0.0]]]}}, {"type": "Feature", "properties": {"ID": "9927B7CB-489B-4BE4-A211-408BD690A447", "FEATCODE": 15608}, "geometry": {"type": "Polygon", "coordinates": [[[-0.180795729587947, 51.47792036273975, 0.0], [-0.18074221839354, 51.47792609704951, 0.0], [-0.180695938914515, 51.477931044288155, 0.0], [-0.180324971728959, 51.477952805021054, 0.0], [-0.179927710186883, 51.477958599396835, 0.0], [-0.179872967154489, 51.47795909853339, 0.0], [-0.17985308481285, 51.4779593294572, 0.0], [-0.179604035911444, 51.47797164979, 0.0], [-0.17944987709883, 51.47798787089173, 0.0], [-0.17935169725646, 51.47801233485057, 0.0], [-0.179284779570016, 51.478050952775156, 0.0], [-0.179219761322892, 51.478139508595476, 0.0], [-0.17904596771988, 51.478518541885435, 0.0], [-0.178919975373149, 51.478760372187224, 0.0], [-0.178854510029655, 51.47885287756602, 0.0], [-0.178820236703766, 51.478896228709715, 0.0], [-0.178707141893003, 51.47898053045902, 0.0], [-0.178501375072753, 51.47919315448885, 0.0], [-0.178075846317511, 51.47961890342595, 0.0], [-0.177977408490433, 51.479711165773516, 0.0], [-0.177938148987717, 51.479727821352355, 0.0], [-0.177928489436861, 51.479735314887556, 0.0], [-0.177785765074441, 51.479865556697504, 0.0], [-0.177753444375076, 51.47989239165699, 0.0], [-0.177750476318888, 51.47989459365978, 0.0], [-0.177666149497116, 51.479968820242796, 0.0], [-0.1775973550031, 51.48003996093724, 0.0], [-0.177589283149618, 51.48009433010056, 0.0], [-0.177636345719762, 51.48014928636615, 0.0], [-0.17776147469851, 51.48022928596624, 0.0], [-0.17776780810465, 51.48023298139323, 0.0], [-0.177755902837711, 51.480278748108574, 0.0], [-0.177731035695996, 51.4803172992306, 0.0], [-0.177608953485372, 51.48041737700631, 0.0], [-0.176112586067959, 51.481454418499986, 0.0], [-0.175992209635068, 51.48152601488552, 0.0], [-0.175855696784741, 51.48158692881318, 0.0], [-0.175634291486146, 51.481660280374186, 0.0], [-0.175399065833945, 51.48171543145081, 0.0], [-0.174651294212673, 51.48182771033256, 0.0], [-0.174250518319223, 51.48189538935461, 0.0], [-0.174158723513286, 51.48190394175565, 0.0], [-0.174088927225561, 51.4818989881673, 0.0], [-0.174032547825794, 51.48188264312432, 0.0], [-0.17391387516516, 51.48182854860605, 0.0], [-0.173832171900015, 51.48181882325526, 0.0], [-0.173730475630314, 51.48183729273216, 0.0], [-0.173403112902289, 51.4819347084054, 0.0], [-0.1734021484723, 51.481933614280656, 0.0], [-0.173232967559594, 51.48174510353242, 0.0], [-0.173217256134, 51.48172741329114, 0.0], [-0.173162237509278, 51.48166621638409, 0.0], [-0.173129562500052, 51.48162973726947, 0.0], [-0.172831200340284, 51.481297041596314, 0.0], [-0.172798245179433, 51.48126037816855, 0.0], [-0.172727656951868, 51.4811815828786, 0.0], [-0.17272365543021, 51.48117720411524, 0.0], [-0.172683672584473, 51.48113260765192, 0.0], [-0.172680361978188, 51.48112895905508, 0.0], [-0.172680228825771, 51.48112868720466, 0.0], [-0.172680092081232, 51.48112850522338, 0.0], [-0.172449142662831, 51.48087491406157, 0.0], [-0.172415885880785, 51.48083860552011, 0.0], [-0.172130035060089, 51.480524627545165, 0.0], [-0.172124104911828, 51.48051806049228, 0.0], [-0.172113892692282, 51.48050693043013, 0.0], [-0.17208078395917, 51.480470534171154, 0.0], [-0.171838668277683, 51.48020462777577, 0.0], [-0.171833148427366, 51.48019860665529, 0.0], [-0.171795211175094, 51.48015691937037, 0.0], [-0.171962912385184, 51.48014082948575, 0.0], [-0.17214882131723, 51.4800835676877, 0.0], [-0.172770303948614, 51.47980828101921, 0.0], [-0.173076776122719, 51.47966027351483, 0.0], [-0.173391350303784, 51.479482446349266, 0.0], [-0.173760297131239, 51.4792376616215, 0.0], [-0.173974421140414, 51.47908317766493, 0.0], [-0.174224914897986, 51.47887980079052, 0.0], [-0.174528714760884, 51.47861088850584, 0.0], [-0.174768063620315, 51.47837271579166, 0.0], [-0.175075304450187, 51.478021034594626, 0.0], [-0.175283467627115, 51.477755847552544, 0.0], [-0.175682872940461, 51.477172962581946, 0.0], [-0.175748206539488, 51.47706220206939, 0.0], [-0.175758626624819, 51.47701398444292, 0.0], [-0.175745064403173, 51.476974925770534, 0.0], [-0.175706842886761, 51.476940339402155, 0.0], [-0.175633123956827, 51.47690034476629, 0.0], [-0.17600561863144, 51.47648636908517, 0.0], [-0.176010986980097, 51.47646370152497, 0.0], [-0.176012558230619, 51.476431532754674, 0.0], [-0.176010574665194, 51.47642349855838, 0.0], [-0.176004380193856, 51.476405507088955, 0.0], [-0.176001115743341, 51.476397093266556, 0.0], [-0.176000986169142, 51.476396731550224, 0.0], [-0.1759981898265, 51.47639102276479, 0.0], [-0.175981413324024, 51.476367561095685, 0.0], [-0.175962842266, 51.47634937709304, 0.0], [-0.175923517431837, 51.47629552963875, 0.0], [-0.175913929549553, 51.476247090664245, 0.0], [-0.175982757045676, 51.47595122842379, 0.0], [-0.176028887842667, 51.47584889176927, 0.0], [-0.17626007663364, 51.475446475636524, 0.0], [-0.176311227059379, 51.47538072656855, 0.0], [-0.176367454418669, 51.47534293324668, 0.0], [-0.176428156972064, 51.475326521766675, 0.0], [-0.176587952532264, 51.475309583008496, 0.0], [-0.176628561781035, 51.475295107083134, 0.0], [-0.176662744054665, 51.47527207823531, 0.0], [-0.1767254395073, 51.47518762422902, 0.0], [-0.17685333739769, 51.47493053849056, 0.0], [-0.177077645151115, 51.47441506772556, 0.0], [-0.177163247910554, 51.474135202477754, 0.0], [-0.177340610000329, 51.473724393680996, 0.0], [-0.177446315340257, 51.47339529191601, 0.0], [-0.177537476469963, 51.47301920287984, 0.0], [-0.177621674229496, 51.472839492109664, 0.0], [-0.177628531773058, 51.47282278267889, 0.0], [-0.177636632061723, 51.472576153806386, 0.0], [-0.17767370669361, 51.47248770406969, 0.0], [-0.177777533404974, 51.47241881633822, 0.0], [-0.17784053072118, 51.4723266328552, 0.0], [-0.178291952178907, 51.47120580533614, 0.0], [-0.178353887970259, 51.47107152007847, 0.0], [-0.178469619385368, 51.4708663102102, 0.0], [-0.178501003050622, 51.470757988243975, 0.0], [-0.178439147545822, 51.47074929372081, 0.0], [-0.178437431525163, 51.4707489972855, 0.0], [-0.178066744333033, 51.47069287967001, 0.0], [-0.177988891616207, 51.47066649083274, 0.0], [-0.177925476028291, 51.47062467930822, 0.0], [-0.178455487283487, 51.47069694131212, 0.0], [-0.178518939899375, 51.47070530093742, 0.0], [-0.178583646581572, 51.470653250258195, 0.0], [-0.178632218119614, 51.470597801516995, 0.0], [-0.178791982187, 51.47033896049228, 0.0], [-0.178776794299182, 51.4703226279656, 0.0], [-0.178775373240229, 51.470322156266285, 0.0], [-0.178716721849699, 51.47030532845936, 0.0], [-0.178676839190222, 51.47029445746262, 0.0], [-0.178749472292935, 51.47025305107153, 0.0], [-0.178754318200503, 51.470254295371575, 0.0], [-0.178808893206588, 51.470268631862034, 0.0], [-0.178956834718866, 51.4700462964691, 0.0], [-0.179100186822073, 51.47006938549247, 0.0], [-0.179178500616602, 51.46995037166307, 0.0], [-0.179195115329078, 51.46992724912085, 0.0], [-0.179306597798667, 51.46976711490936, 0.0], [-0.179550591295454, 51.46943575216488, 0.0], [-0.179900102294296, 51.468974556268805, 0.0], [-0.180066505135275, 51.468733082216424, 0.0], [-0.180720146476251, 51.467886688415255, 0.0], [-0.180720150050881, 51.467886598545476, 0.0], [-0.180722225248302, 51.467885102016425, 0.0], [-0.180724300445587, 51.4678836054873, 0.0], [-0.180726235329598, 51.46788201685576, 0.0], [-0.180728170213473, 51.46788042822416, 0.0], [-0.180729961209467, 51.467878837359926, 0.0], [-0.180731755779943, 51.467877156625846, 0.0], [-0.18073340646255, 51.46787547365913, 0.0], [-0.180734913257304, 51.46787378845975, 0.0], [-0.180736423626542, 51.46787201339055, 0.0], [-0.180737933995664, 51.467870238321346, 0.0], [-0.180739300476951, 51.4678684610195, 0.0], [-0.180740523070422, 51.467866681485006, 0.0], [-0.180741749238384, 51.46786481208072, 0.0], [-0.180742975406241, 51.46786294267642, 0.0], [-0.180743913798615, 51.467861068806855, 0.0], [-0.180744996078596, 51.46785919716992, 0.0], [-0.180745790583127, 51.46785732106775, 0.0], [-0.180746588662167, 51.46785535509574, 0.0], [-0.180747383166564, 51.46785347899355, 0.0], [-0.180747893470139, 51.46785150855632, 0.0], [-0.180748382326249, 51.46785007733776, 0.0], [-0.180834754572955, 51.46773820161308, 0.0], [-0.181068338371676, 51.4674942614003, 0.0], [-0.181321661062981, 51.467278863435546, 0.0], [-0.181544134078546, 51.467042663359905, 0.0], [-0.18166967654381, 51.46694857025877, 0.0], [-0.181866166493001, 51.46683714255166, 0.0], [-0.181887820207562, 51.46682120186429, 0.0], [-0.181984580493463, 51.466712274068314, 0.0], [-0.182075293558634, 51.46662870127365, 0.0], [-0.182522359356112, 51.46629094882361, 0.0], [-0.182725240258026, 51.46615623819833, 0.0], [-0.1834796858033, 51.465687638772906, 0.0], [-0.183547559500259, 51.46562439379692, 0.0], [-0.183640114926225, 51.46549067006407, 0.0], [-0.183747667077158, 51.46541796803813, 0.0], [-0.18396624447956, 51.46532648270797, 0.0], [-0.184465434846916, 51.46513655805119, 0.0], [-0.184573167092884, 51.46511367664533, 0.0], [-0.184766706128643, 51.465105252753894, 0.0], [-0.184905410046198, 51.46506738341627, 0.0], [-0.185647744866715, 51.46479057305554, 0.0], [-0.186182720474863, 51.46456558452011, 0.0], [-0.186485831751851, 51.464447795228416, 0.0], [-0.186801661045216, 51.46433236005138, 0.0], [-0.186993707386559, 51.46427795762916, 0.0], [-0.187029923785657, 51.46427590982515, 0.0], [-0.187050966179625, 51.46426805201119, 0.0], [-0.187227863383227, 51.46445423468718, 0.0], [-0.187230486652087, 51.46445706292851, 0.0], [-0.18775564534925, 51.465010128226986, 0.0], [-0.187755789228533, 51.46501013045092, 0.0], [-0.187755785668091, 51.46501022032109, 0.0], [-0.187832638813316, 51.465090812161115, 0.0], [-0.187836507227286, 51.46509491858623, 0.0], [-0.188212892646052, 51.465489751863274, 0.0], [-0.188234728807134, 51.46551275044242, 0.0], [-0.188496810706598, 51.46578756477248, 0.0], [-0.188480155485518, 51.465793692127825, 0.0], [-0.188218179463089, 51.465894227128196, 0.0], [-0.18759361082366, 51.466094729258366, 0.0], [-0.186998473046032, 51.466289927971545, 0.0], [-0.186399899763329, 51.46648812800009, 0.0], [-0.186261073339171, 51.46654353263416, 0.0], [-0.186127350666711, 51.466608188433725, 0.0], [-0.185695909821752, 51.46683936513804, 0.0], [-0.185419680987486, 51.4670012721436, 0.0], [-0.1851501750537, 51.46717874970276, 0.0], [-0.184816771416967, 51.4674207928924, 0.0], [-0.184801336422334, 51.46743242405789, 0.0], [-0.184417630427259, 51.467751922266366, 0.0], [-0.183938237663307, 51.468218493599565, 0.0], [-0.183370346773749, 51.46886120418772, 0.0], [-0.183142723465111, 51.469147326262224, 0.0], [-0.183016644973463, 51.46932369417356, 0.0], [-0.182844188257113, 51.469594663881395, 0.0], [-0.181908043661885, 51.471093502590506, 0.0], [-0.181475914312931, 51.47180386456867, 0.0], [-0.181321966092797, 51.47206154039407, 0.0], [-0.181153486806021, 51.472351453594214, 0.0], [-0.180919691972693, 51.47278468314301, 0.0], [-0.180677169700453, 51.47332496760183, 0.0], [-0.180667594182426, 51.473344872336675, 0.0], [-0.180623842350425, 51.473442032037916, 0.0], [-0.180584640737321, 51.4735514921507, 0.0], [-0.180585313782163, 51.47355267162149, 0.0], [-0.18054908224934, 51.473641764796604, 0.0], [-0.180366667061694, 51.47413325266318, 0.0], [-0.180306900118411, 51.474289064682594, 0.0], [-0.180258713538286, 51.47442886986693, 0.0], [-0.180246897749239, 51.474515913887885, 0.0], [-0.180264484104816, 51.47459505118248, 0.0], [-0.180318504405683, 51.47468860237719, 0.0], [-0.180370063817522, 51.47472096625342, 0.0], [-0.180431756772967, 51.47476283957666, 0.0], [-0.180367529022597, 51.474802758801815, 0.0], [-0.180295655128274, 51.474763425198134, 0.0], [-0.180300026054392, 51.47476214415484, 0.0], [-0.180253877123948, 51.47472770601374, 0.0], [-0.18014790502383, 51.4747527690771, 0.0], [-0.180070315873435, 51.47507412633109, 0.0], [-0.179966521364397, 51.47543518337888, 0.0], [-0.17980304492063, 51.47597147721777, 0.0], [-0.179718348139488, 51.47633741666075, 0.0], [-0.179438413366222, 51.477389690866175, 0.0], [-0.179417998167104, 51.47748649302257, 0.0], [-0.179417014755339, 51.47754735706049, 0.0], [-0.179451410964267, 51.4776129968955, 0.0], [-0.179534464867606, 51.47765736051057, 0.0], [-0.179670830001885, 51.477686545028426, 0.0], [-0.179895372865091, 51.47771098324332, 0.0], [-0.17989762547786, 51.47771227716087, 0.0], [-0.179900022009374, 51.47771357331234, 0.0], [-0.179902422118522, 51.47771477959417, 0.0], [-0.179904962568936, 51.47771607797949, 0.0], [-0.179907510174462, 51.477717196625605, 0.0], [-0.179910201698753, 51.4777183175056, 0.0], [-0.179912749304532, 51.4777194361516, 0.0], [-0.179915444406554, 51.4777204671619, 0.0], [-0.179918287004808, 51.477721410536496, 0.0], [-0.179921129603181, 51.477722353911, 0.0], [-0.179923828283019, 51.47772329505153, 0.0], [-0.179926818377729, 51.47772415079028, 0.0], [-0.179929668131337, 51.47772491442543, 0.0], [-0.179932661803702, 51.477725680294434, 0.0], [-0.179935659053599, 51.477726356293786, 0.0], [-0.179938659881012, 51.47772694242348, 0.0], [-0.179941657131084, 51.47772761842267, 0.0], [-0.179944661536071, 51.47772811468263, 0.0], [-0.1799478098598, 51.477728613176396, 0.0], [-0.179950817842324, 51.477729019566624, 0.0], [-0.179953969743579, 51.47772942819064, 0.0], [-0.179957125222281, 51.477729746945, 0.0], [-0.179960284278412, 51.47772997582969, 0.0], [-0.179963443334576, 51.47773020471432, 0.0], [-0.179966605968144, 51.477730343729235, 0.0], [-0.179969768601732, 51.477730482744086, 0.0], [-0.179972934812702, 51.47773053188928, 0.0], [-0.179976104601029, 51.477730491164785, 0.0], [-0.179979274389354, 51.47773045044022, 0.0], [-0.179982447755013, 51.47773031984597, 0.0], [-0.179985621120658, 51.477730189251645, 0.0], [-0.179988798063612, 51.477729968787635, 0.0], [-0.179991834665178, 51.47772965622012, 0.0], [-0.179995015185382, 51.47772934588635, 0.0], [-0.179998199282855, 51.477728945682934, 0.0], [-0.180001239461596, 51.47772854324558, 0.0], [-0.180004283217581, 51.47772805093855, 0.0], [-0.180007330550793, 51.47772746876187, 0.0], [-0.180010377883927, 51.4777268865851, 0.0], [-0.180013425216986, 51.47772630440826, 0.0], [-0.180016335785845, 51.47772554025835, 0.0], [-0.180019246354606, 51.477724776108346, 0.0], [-0.180022156923271, 51.47772401195828, 0.0], [-0.180025071069096, 51.47772315793857, 0.0], [-0.180027841296153, 51.47772230168496, 0.0], [-0.180030615100351, 51.477721355561705, 0.0], [-0.180033392481672, 51.4777203195688, 0.0], [-0.18003616986287, 51.47771928357582, 0.0], [-0.1800379255045, 51.4777185914246, 0.0], [-0.180328613617831, 51.47771294135453, 0.0], [-0.180632249169489, 51.47767143149152, 0.0], [-0.180677166997183, 51.47766088779571, 0.0], [-0.181225223458455, 51.47748801109368, 0.0], [-0.181274284142756, 51.47747105682343, 0.0], [-0.181388188027311, 51.47743136802333, 0.0], [-0.181397301320791, 51.47743034034121, 0.0], [-0.181400485386054, 51.477429940099334, 0.0], [-0.181402802369671, 51.47742961633442, 0.0], [-0.181403525533418, 51.477429537625284, 0.0], [-0.181405407188948, 51.477429297033645, 0.0], [-0.181406565680728, 51.477429135151155, 0.0], [-0.181409753320328, 51.47742864503938, 0.0], [-0.181412797042017, 51.477428152695424, 0.0], [-0.181415844338127, 51.477427570481716, 0.0], [-0.18141889163416, 51.47742698826794, 0.0], [-0.181421798586749, 51.47742631395234, 0.0], [-0.18142470911372, 51.47742554976699, 0.0], [-0.181427619640595, 51.47742478558158, 0.0], [-0.181430533741829, 51.47742393152644, 0.0], [-0.181433447842954, 51.47742307747121, 0.0], [-0.18232305008359, 51.47713867961847, 0.0], [-0.182459466568723, 51.47711948198871, 0.0], [-0.182601190565631, 51.477115294029254, 0.0], [-0.182734018335216, 51.47712841349016, 0.0], [-0.18290744427742, 51.47716356411874, 0.0], [-0.182991146526446, 51.47717718094063, 0.0], [-0.182996754280593, 51.47718464169562, 0.0], [-0.183012494070688, 51.47720529859291, 0.0], [-0.183029050952112, 51.47722713717545, 0.0], [-0.183049437546641, 51.47725407090382, 0.0], [-0.18305860504029, 51.47726617299501, 0.0], [-0.183076947184361, 51.47729019743579, 0.0], [-0.183088022403058, 51.47730502683782, 0.0], [-0.183089123747272, 51.47730630285455, 0.0], [-0.183090225091545, 51.47730757887125, 0.0], [-0.18312116382017, 51.477344388002166, 0.0], [-0.1831327101014, 51.47735823552285, 0.0], [-0.183142748286417, 51.477370171248054, 0.0], [-0.183091359990088, 51.47737324176693, 0.0], [-0.182883599435053, 51.47737946442937, 0.0], [-0.182580394194666, 51.47735228400781, 0.0], [-0.182275277895713, 51.477373183097995, 0.0], [-0.182044128081129, 51.477435244869994, 0.0], [-0.181695403402972, 51.47757497678952, 0.0], [-0.18165208519688, 51.477592379987215, 0.0], [-0.18084057700436, 51.47791521339413, 0.0], [-0.180795729587947, 51.47792036273975, 0.0]]]}}, {"type": "Feature", "properties": {"ID": "06365276-5310-4D97-9612-6E18835CF39F", "FEATCODE": 15608}, "geometry": {"type": "Polygon", "coordinates": [[[-0.183289276044612, 51.47723422671699, 0.0], [-0.18337853535558, 51.477205844421036, 0.0], [-0.183555255601256, 51.47718709007634, 0.0], [-0.183916758283962, 51.477171377401824, 0.0], [-0.184160856114336, 51.47718567900732, 0.0], [-0.184178304641654, 51.477181452961595, 0.0], [-0.184212652859093, 51.47723396156207, 0.0], [-0.184196920617296, 51.47723848396617, 0.0], [-0.184088662614909, 51.4773391421907, 0.0], [-0.184028968316835, 51.47738093211859, 0.0], [-0.183934705026307, 51.477422906018376, 0.0], [-0.183838672073857, 51.47744416966644, 0.0], [-0.18373611315184, 51.477444829234535, 0.0], [-0.183611909867785, 51.47742483036094, 0.0], [-0.183474442890464, 51.477387090485784, 0.0], [-0.183389219381626, 51.47735375685195, 0.0], [-0.18336694018877, 51.47732733341329, 0.0], [-0.183336685152716, 51.47729143419155, 0.0], [-0.183295301323695, 51.47724205362656, 0.0], [-0.183289276044612, 51.47723422671699, 0.0]]]}}, {"type": "Feature", "properties": {"ID": "11343A29-09A1-4CD7-810E-7C928B5E9AA4", "FEATCODE": 15608}, "geometry": {"type": "Polygon", "coordinates": [[[-0.166513633158196, 51.481592211783386, 0.0], [-0.166374717439093, 51.481310552035275, 0.0], [-0.166380830937201, 51.48130893905504, 0.0], [-0.167518485729167, 51.48114606365849, 0.0], [-0.167652099363717, 51.48111820655297, 0.0], [-0.167779790736058, 51.481076408277325, 0.0], [-0.167785351182792, 51.48104547096672, 0.0], [-0.167795406508092, 51.480995809522184, 0.0], [-0.16790162162992, 51.481001156047846, 0.0], [-0.167900710581749, 51.48102029588116, 0.0], [-0.167899385358911, 51.48104977064133, 0.0], [-0.168017564789356, 51.481051257361386, 0.0], [-0.168130574075329, 51.48103800538492, 0.0], [-0.168766865189868, 51.48090091636792, 0.0], [-0.169769037179145, 51.48066827956539, 0.0], [-0.170211906760935, 51.48057429519279, 0.0], [-0.17053581583445, 51.48048753564297, 0.0], [-0.170927487629087, 51.48039526769028, 0.0], [-0.171211947842716, 51.48031535471885, 0.0], [-0.171468987027383, 51.480269274951304, 0.0], [-0.171590782285531, 51.480223513824455, 0.0], [-0.171632857479461, 51.480269761955746, 0.0], [-0.17163837731151, 51.480275783085446, 0.0], [-0.171880495777337, 51.48054160001442, 0.0], [-0.17191360439957, 51.48057799632848, 0.0], [-0.171928091459583, 51.48059386916164, 0.0], [-0.17192974671353, 51.48059569347036, 0.0], [-0.172215740506117, 51.4809096741643, 0.0], [-0.17224884965688, 51.48094607038678, 0.0], [-0.172479661559591, 51.481199479951286, 0.0], [-0.172482695074227, 51.48120285445983, 0.0], [-0.172518679866848, 51.48124298235054, 0.0], [-0.172522677781839, 51.481247450989855, 0.0], [-0.172597267273488, 51.481330625167615, 0.0], [-0.172630222320914, 51.481367288650354, 0.0], [-0.172928583450385, 51.48169998482125, 0.0], [-0.172961258346581, 51.48173646399038, 0.0], [-0.173016129259516, 51.481797748615875, 0.0], [-0.173026057710803, 51.48180878424789, 0.0], [-0.173201168481673, 51.482003862287186, 0.0], [-0.173209160985199, 51.48201288938986, 0.0], [-0.172436262491109, 51.482227457241976, 0.0], [-0.171795837187173, 51.48238851175289, 0.0], [-0.171160120799684, 51.48253614745623, 0.0], [-0.170381877675228, 51.48269666340043, 0.0], [-0.169713878965827, 51.48281941788026, 0.0], [-0.169042469267504, 51.48293015526358, 0.0], [-0.168557744037501, 51.48300055069373, 0.0], [-0.167305765577982, 51.483165156727694, 0.0], [-0.167287957114729, 51.483167486224865, 0.0], [-0.167284495843973, 51.483160417963546, 0.0], [-0.16725907245158, 51.48310840355662, 0.0], [-0.167256935237977, 51.48310423359458, 0.0], [-0.167094929907006, 51.48277320470756, 0.0], [-0.167078548512182, 51.482739946104964, 0.0], [-0.166882858805286, 51.4823403169871, 0.0], [-0.166882718476823, 51.48234022486817, 0.0], [-0.166844761004016, 51.482263195060845, 0.0], [-0.166841292659564, 51.482256306524484, 0.0], [-0.166830373169122, 51.48223410414367, 0.0], [-0.166823717145751, 51.48222051130803, 0.0], [-0.166575834933355, 51.48171827032586, 0.0], [-0.166569970553776, 51.481706488355805, 0.0], [-0.166514298742418, 51.48159357106869, 0.0], [-0.166513633158196, 51.481592211783386, 0.0]]]}}, {"type": "Feature", "properties": {"ID": "9FF8978A-35C1-4546-8CF0-FCCBE6CA6342", "FEATCODE": 15608}, "geometry": {"type": "Polygon", "coordinates": [[[-0.149796269741389, 51.48376480321031, 0.0], [-0.149765468902979, 51.48360416013156, 0.0], [-0.149757042824073, 51.48355969396992, 0.0], [-0.149829113528898, 51.48355471621963, 0.0], [-0.149922067196341, 51.48354620111708, 0.0], [-0.150036769495395, 51.483537669359315, 0.0], [-0.150064854542849, 51.4834629348326, 0.0], [-0.15008665814592, 51.48344376500564, 0.0], [-0.150115546263876, 51.48343459872979, 0.0], [-0.150308186012119, 51.48345049695733, 0.0], [-0.15049811925344, 51.483433619346336, 0.0], [-0.152580421384396, 51.48314918754754, 0.0], [-0.152994835203358, 51.48306588043247, 0.0], [-0.153183975228916, 51.483036486365954, 0.0], [-0.160271822613146, 51.482099914541145, 0.0], [-0.163689849677244, 51.48163480253067, 0.0], [-0.164746938995155, 51.48150612278414, 0.0], [-0.164886780234527, 51.481513347200824, 0.0], [-0.165061782912751, 51.481563116761336, 0.0], [-0.165135635755376, 51.481574613827725, 0.0], [-0.165241129278233, 51.48157284737418, 0.0], [-0.165413616620197, 51.481552525300465, 0.0], [-0.165584038947339, 51.4815262356039, 0.0], [-0.165679513224753, 51.48150138108319, 0.0], [-0.165735928767828, 51.481473667373564, 0.0], [-0.165831806037364, 51.481402867246786, 0.0], [-0.165905162015787, 51.4813729005312, 0.0], [-0.166007209384034, 51.48135291459423, 0.0], [-0.166142845362549, 51.48134289602503, 0.0], [-0.16614974674176, 51.48134318380825, 0.0], [-0.166153340819734, 51.4813505239595, 0.0], [-0.166294122506856, 51.48163590008907, 0.0], [-0.166295327757242, 51.48163816706704, 0.0], [-0.166349937750738, 51.48174881972579, 0.0], [-0.1663556581482, 51.481760599455555, 0.0], [-0.166603538147037, 51.482262840878064, 0.0], [-0.166610194110451, 51.482276433725524, 0.0], [-0.166617789121839, 51.482291749833486, 0.0], [-0.166621113503003, 51.48229863612574, 0.0], [-0.166662542554517, 51.48238246467417, 0.0], [-0.166858234100532, 51.48278200427086, 0.0], [-0.166874611744795, 51.482815352771404, 0.0], [-0.167034097063738, 51.48314094706668, 0.0], [-0.16703676315208, 51.48314629432732, 0.0], [-0.167061124917276, 51.48319604405944, 0.0], [-0.167058951480794, 51.48319636978657, 0.0], [-0.166567841779508, 51.483249841209535, 0.0], [-0.166488050597217, 51.483260643584984, 0.0], [-0.166204732018346, 51.48331142729779, 0.0], [-0.165315704205502, 51.48343240860835, 0.0], [-0.155790032133232, 51.484694718617035, 0.0], [-0.155126432376041, 51.48479596733919, 0.0], [-0.15345761921465, 51.48508668686294, 0.0], [-0.152859931455568, 51.48517475251313, 0.0], [-0.152186248331169, 51.48526143776947, 0.0], [-0.15124107308258, 51.48536209397484, 0.0], [-0.150192223313135, 51.485454812391325, 0.0], [-0.150141532863842, 51.485458149306695, 0.0], [-0.150141252256611, 51.48545796502932, 0.0], [-0.150137589814836, 51.485455928895355, 0.0], [-0.150133779795801, 51.4854539803585, 0.0], [-0.150129969777092, 51.48545203182153, 0.0], [-0.150125868240541, 51.48545016861094, 0.0], [-0.150121907007873, 51.48544839753889, 0.0], [-0.15011822274555, 51.485446900612125, 0.0], [-0.150098711829586, 51.48534533687984, 0.0], [-0.150092425074426, 51.48531205524993, 0.0], [-0.14994403614436, 51.48453716551832, 0.0], [-0.149942370193466, 51.48452850640019, 0.0], [-0.149942147788772, 51.48452688423488, 0.0], [-0.149800782634942, 51.48378852478872, 0.0], [-0.149796269741389, 51.48376480321031, 0.0]]]}}, {"type": "Feature", "properties": {"ID": "7837B9AE-E2FA-4C97-BBAC-702D9A931902", "FEATCODE": 15608}, "geometry": {"type": "Polygon", "coordinates": [[[-0.129016304697291, 51.48781805503484, 0.0], [-0.129139026948387, 51.484819916252604, 0.0], [-0.129381545291284, 51.48474321198968, 0.0], [-0.13050062315787, 51.48447302729916, 0.0], [-0.13065933924224, 51.48442735751688, 0.0], [-0.130809321479694, 51.48437336507201, 0.0], [-0.13129188546426, 51.48416037904954, 0.0], [-0.131594506197769, 51.4840084610849, 0.0], [-0.131953342562399, 51.48381310461604, 0.0], [-0.132141761247013, 51.483734813417435, 0.0], [-0.132377423993705, 51.483663479259675, 0.0], [-0.13253093772869, 51.483628695024066, 0.0], [-0.132782724058701, 51.48361040314496, 0.0], [-0.133051221376938, 51.48356027336577, 0.0], [-0.1332815541345, 51.483559444103705, 0.0], [-0.133434434054326, 51.48353310160237, 0.0], [-0.134156573310039, 51.48333929452383, 0.0], [-0.134255459103002, 51.48329842310188, 0.0], [-0.134423835053997, 51.483202903352804, 0.0], [-0.134552394187147, 51.48315486010495, 0.0], [-0.134753119803639, 51.48311363000342, 0.0], [-0.134873665015665, 51.483089019421286, 0.0], [-0.135211463176114, 51.483016966059814, 0.0], [-0.135225549194573, 51.48301413260227, 0.0], [-0.135345916010083, 51.48298682093362, 0.0], [-0.135470354065235, 51.48296209179381, 0.0], [-0.135686459387626, 51.48291804718439, 0.0], [-0.136215169435399, 51.48290756763643, 0.0], [-0.136507071656417, 51.48284485271205, 0.0], [-0.136623072199863, 51.482808028167916, 0.0], [-0.136707105213597, 51.482771055239624, 0.0], [-0.136761876156934, 51.48273469638938, 0.0], [-0.136799123001073, 51.48269365271289, 0.0], [-0.136849986125915, 51.482551749080294, 0.0], [-0.136884300683161, 51.4825049035511, 0.0], [-0.136961862304024, 51.48246414067245, 0.0], [-0.137079689405652, 51.48244254211741, 0.0], [-0.137200169845301, 51.482444186382644, 0.0], [-0.137276265399851, 51.48247120385589, 0.0], [-0.137313978668357, 51.482517664965684, 0.0], [-0.137367261755853, 51.482666259006606, 0.0], [-0.137403065586703, 51.48269596360652, 0.0], [-0.137457701592138, 51.48271238857291, 0.0], [-0.137570012793791, 51.48271660045882, 0.0], [-0.138195971433709, 51.48269111025786, 0.0], [-0.138728740389717, 51.482697589829364, 0.0], [-0.13875737533746, 51.48269822420368, 0.0], [-0.138997677915658, 51.4827035669907, 0.0], [-0.140130477170472, 51.482737726591935, 0.0], [-0.140689477535526, 51.4828145753298, 0.0], [-0.140808917003874, 51.482831216927885, 0.0], [-0.14083068860968, 51.48283416996186, 0.0], [-0.140838708574154, 51.48283528629996, 0.0], [-0.140976685010233, 51.48283171862117, 0.0], [-0.141030570328094, 51.482601014788216, 0.0], [-0.141055547100185, 51.48255348047255, 0.0], [-0.141090764553818, 51.48252328426503, 0.0], [-0.141126424466915, 51.48251054060504, 0.0], [-0.141168159268956, 51.482507785038905, 0.0], [-0.141207746670858, 51.48251533684781, 0.0], [-0.141240045389168, 51.482532125355334, 0.0], [-0.141269431628743, 51.48257449644881, 0.0], [-0.141288615729283, 51.48267650626155, 0.0], [-0.141310899297267, 51.48269520428069, 0.0], [-0.141343825391392, 51.48267531310759, 0.0], [-0.141425649280061, 51.4825615054431, 0.0], [-0.141469557805366, 51.48254070920201, 0.0], [-0.141522300768603, 51.48253641940199, 0.0], [-0.141559426820489, 51.48254429178274, 0.0], [-0.141588592094162, 51.48256022120192, 0.0], [-0.141617717083555, 51.48261256979331, 0.0], [-0.141615839883386, 51.48268708826207, 0.0], [-0.141581435854841, 51.48288150143323, 0.0], [-0.141659593588605, 51.48294290025231, 0.0], [-0.141705220745004, 51.48295423455279, 0.0], [-0.142129970479991, 51.48301042409965, 0.0], [-0.143903652327293, 51.4832370684031, 0.0], [-0.14393058403918, 51.483240642090095, 0.0], [-0.145387254695504, 51.48345019553368, 0.0], [-0.145422505655993, 51.48345461985841, 0.0], [-0.145768117750874, 51.48349848367433, 0.0], [-0.145783449436583, 51.48350043469563, 0.0], [-0.145811104776968, 51.48350392946575, 0.0], [-0.146351522629024, 51.48356355126053, 0.0], [-0.147015200702753, 51.48360254713891, 0.0], [-0.147023793058682, 51.48360376202244, 0.0], [-0.147750850015057, 51.48360706567769, 0.0], [-0.147785936679139, 51.48358711691275, 0.0], [-0.147799466524127, 51.483587330625745, 0.0], [-0.147800466783093, 51.483587526276224, 0.0], [-0.147803463918708, 51.4835882030955, 0.0], [-0.147806468337076, 51.483588700178956, 0.0], [-0.14780961669004, 51.48358919953585, 0.0], [-0.147812621108547, 51.48358969661915, 0.0], [-0.147815773102966, 51.483590106108004, 0.0], [-0.147818928738751, 51.483590425728885, 0.0], [-0.147822084374583, 51.4835907453497, 0.0], [-0.147825243651759, 51.48359097510256, 0.0], [-0.147828406570256, 51.483591114987455, 0.0], [-0.147831569488776, 51.483591254872245, 0.0], [-0.147834736048593, 51.483591304889096, 0.0], [-0.147837902608422, 51.48359135490585, 0.0], [-0.147841072809524, 51.483591315054646, 0.0], [-0.14784424665188, 51.483591185335484, 0.0], [-0.147847420494221, 51.48359105561623, 0.0], [-0.147850597977792, 51.48359083602901, 0.0], [-0.147853631526799, 51.483590614168236, 0.0], [-0.147856812651548, 51.48359030471296, 0.0], [-0.147859997417482, 51.483589905389735, 0.0], [-0.147863038248832, 51.48358950379295, 0.0], [-0.147866082721343, 51.483589012328224, 0.0], [-0.147869127193791, 51.48358852086341, 0.0], [-0.147869271128322, 51.48358852313686, 0.0], [-0.148849720840605, 51.48360481458209, 0.0], [-0.149463089787505, 51.48357735683578, 0.0], [-0.149527754399165, 51.48357388104834, 0.0], [-0.149528091616412, 51.48357622442963, 0.0], [-0.149536783516694, 51.48362123435599, 0.0], [-0.149571859395557, 51.48380433637823, 0.0], [-0.149572096335792, 51.48380559907243, 0.0], [-0.149713091499281, 51.48454233431893, 0.0], [-0.149713313895893, 51.4845439564846, 0.0], [-0.149715349775942, 51.48455415017447, 0.0], [-0.149870017821549, 51.4853624116635, 0.0], [-0.149880598726365, 51.48541770284143, 0.0], [-0.14986036235461, 51.48543015295682, 0.0], [-0.149885385135606, 51.4854666977462, 0.0], [-0.149883754501495, 51.485467841048234, 0.0], [-0.14988063353615, 51.48547021979114, 0.0], [-0.149877512570476, 51.485472598534, 0.0], [-0.149874528270086, 51.485475159283716, 0.0], [-0.149873934319978, 51.485475599539285, 0.0], [-0.149826853256754, 51.48547872349037, 0.0], [-0.149459003563305, 51.485510507751364, 0.0], [-0.149330010557653, 51.48553392088935, 0.0], [-0.149282234413684, 51.485554209393825, 0.0], [-0.149246535127454, 51.48558215229268, 0.0], [-0.149197117802684, 51.48567498461619, 0.0], [-0.14919937599413, 51.48568680047871, 0.0], [-0.149199228414016, 51.48568688807475, 0.0], [-0.149195125281618, 51.48568862182027, 0.0], [-0.1491911588124, 51.48569053757337, 0.0], [-0.149187192342849, 51.48569245332631, 0.0], [-0.149183513755503, 51.485694373622934, 0.0], [-0.14917968394876, 51.485696471383356, 0.0], [-0.149176142024228, 51.48569857368747, 0.0], [-0.149173633160819, 51.485700062819475, 0.0], [-0.149155381729399, 51.48569905534174, 0.0], [-0.149073617430245, 51.48569434760117, 0.0], [-0.149049043506025, 51.48569297053346, 0.0], [-0.149043783647164, 51.48566635953003, 0.0], [-0.149002497347124, 51.485618856722205, 0.0], [-0.148957733832687, 51.485589643781374, 0.0], [-0.148898830148589, 51.4855717180526, 0.0], [-0.148820500493506, 51.485564006891, 0.0], [-0.148679493420708, 51.48556753600039, 0.0], [-0.147761493991466, 51.48562632834127, 0.0], [-0.147718621079273, 51.485610903366904, 0.0], [-0.147344934272995, 51.48560895671434, 0.0], [-0.14699932691766, 51.48560718281388, 0.0], [-0.146975467452933, 51.48561660764562, 0.0], [-0.146966200850268, 51.48564622650957, 0.0], [-0.146812463139407, 51.4856973025728, 0.0], [-0.146752938955873, 51.485698250284315, 0.0], [-0.146583895658336, 51.48570052445155, 0.0], [-0.146548298484154, 51.48570104091185, 0.0], [-0.146485981116002, 51.485696279039814, 0.0], [-0.146391501146915, 51.48568903037483, 0.0], [-0.146385892926295, 51.485685254782965, 0.0], [-0.146319182745541, 51.48566450659058, 0.0], [-0.146220481255185, 51.48565125597813, 0.0], [-0.145518936411029, 51.48559699909071, 0.0], [-0.144523623465099, 51.48550229966423, 0.0], [-0.144444534584485, 51.485502666845655, 0.0], [-0.144413353936841, 51.485507928664795, 0.0], [-0.144311945702655, 51.485497511220174, 0.0], [-0.14425557055884, 51.48549185301589, 0.0], [-0.144229929310824, 51.48548838976071, 0.0], [-0.144135089693576, 51.48547582798099, 0.0], [-0.144126355141351, 51.48547101362076, 0.0], [-0.144070306826061, 51.485453760121835, 0.0], [-0.143205222980173, 51.485323162024734, 0.0], [-0.143095219241964, 51.48531161823662, 0.0], [-0.143019468423315, 51.485314914927976, 0.0], [-0.143014069639622, 51.48531662794018, 0.0], [-0.14293181554565, 51.48530273575676, 0.0], [-0.14284112384374, 51.485287361001824, 0.0], [-0.142771891664794, 51.48527556337614, 0.0], [-0.142733284809772, 51.485254448905195, 0.0], [-0.142659416517087, 51.4852326859856, 0.0], [-0.141437674798896, 51.4850039816806, 0.0], [-0.140972814864332, 51.48492781988361, 0.0], [-0.140399982512997, 51.48485399063614, 0.0], [-0.140103577175801, 51.484828966531055, 0.0], [-0.14003821377901, 51.4848353935884, 0.0], [-0.139997567752854, 51.48485381306481, 0.0], [-0.139990154088045, 51.48486610518276, 0.0], [-0.139982532692517, 51.48486580444023, 0.0], [-0.139893367990107, 51.48486250162609, 0.0], [-0.139812260166124, 51.48485941648104, 0.0], [-0.139769833257366, 51.484833114670934, 0.0], [-0.139686396422171, 51.484809399558834, 0.0], [-0.139565636143647, 51.48479678253983, 0.0], [-0.139175545608277, 51.484787535351224, 0.0], [-0.138715494313429, 51.48478796745498, 0.0], [-0.138224259752892, 51.48479725490488, 0.0], [-0.137779730163475, 51.484816184650114, 0.0], [-0.137718369968932, 51.48481979637431, 0.0], [-0.13770912867312, 51.48482036901226, 0.0], [-0.137577432861469, 51.48482870875809, 0.0], [-0.137571657049559, 51.48482906664993, 0.0], [-0.137493512179784, 51.48483456988042, 0.0], [-0.136773446557079, 51.484903074335584, 0.0], [-0.136215556630027, 51.48497514134098, 0.0], [-0.136132410617649, 51.48499378322578, 0.0], [-0.136072864069406, 51.48501648712578, 0.0], [-0.135958645858442, 51.48511188098578, 0.0], [-0.135880076557251, 51.48514543315537, 0.0], [-0.135730706708692, 51.48517390295517, 0.0], [-0.135272454998464, 51.48523603907781, 0.0], [-0.135115305297732, 51.48525395301917, 0.0], [-0.135022118273954, 51.485253909775615, 0.0], [-0.134961520937892, 51.485242334781425, 0.0], [-0.13479615184488, 51.48518988573636, 0.0], [-0.134609778899684, 51.48522154239237, 0.0], [-0.133159856633807, 51.48555538253363, 0.0], [-0.132737083001472, 51.48566204718459, 0.0], [-0.132428766994276, 51.485759292595766, 0.0], [-0.132099299828317, 51.485884167123245, 0.0], [-0.131765950655809, 51.4860405427491, 0.0], [-0.131503418726177, 51.48618042047916, 0.0], [-0.131302455303103, 51.48630104555611, 0.0], [-0.130028401396545, 51.48714393059515, 0.0], [-0.129318363622256, 51.48761730431166, 0.0], [-0.129226560815475, 51.487678338017346, 0.0], [-0.12908220383019, 51.48777405376252, 0.0], [-0.129016304697291, 51.48781805503484, 0.0]]]}}, {"type": "Feature", "properties": {"ID": "7B5E5E7C-1EE0-4F0F-93EF-F330D3CAF97E", "FEATCODE": 15608}, "geometry": {"type": "Polygon", "coordinates": [[[-0.149173676901033, 51.48585905152288, 0.0], [-0.149174659020961, 51.485859696501684, 0.0], [-0.149178317812025, 51.48586182253339, 0.0], [-0.149181980242353, 51.485863858697094, 0.0], [-0.149185642673008, 51.485865894860694, 0.0], [-0.149189596626531, 51.48586784570006, 0.0], [-0.149193554219294, 51.48586970667138, 0.0], [-0.149197511812383, 51.48587156764259, 0.0], [-0.149201620625404, 51.485873251149705, 0.0], [-0.149205729438729, 51.4858749346567, 0.0], [-0.149209985833075, 51.4858765305675, 0.0], [-0.149214386169571, 51.48587812875002, 0.0], [-0.14921864984223, 51.485879544924686, 0.0], [-0.149223205037723, 51.485880875775024, 0.0], [-0.149227616291619, 51.485882204353324, 0.0], [-0.149232175126474, 51.48588344533538, 0.0], [-0.14923688154227, 51.485884598721206, 0.0], [-0.149241447655243, 51.4858856599671, 0.0], [-0.149246161349115, 51.48588663361671, 0.0], [-0.149250878681982, 51.48588751739824, 0.0], [-0.149255743595704, 51.48588831358349, 0.0], [-0.149260608509603, 51.48588910976853, 0.0], [-0.149265336759313, 51.485889723945725, 0.0], [-0.1492702125898, 51.48589025052664, 0.0], [-0.1492752323623, 51.48589077937914, 0.0], [-0.149280111831764, 51.485891216091716, 0.0], [-0.149284998578775, 51.48589147306825, 0.0], [-0.149290029267745, 51.485891732316375, 0.0], [-0.149313326023465, 51.485892639549355, 0.0], [-0.149456197556945, 51.48593913758537, 0.0], [-0.149552005504386, 51.48598120583602, 0.0], [-0.149628151111775, 51.48603933015457, 0.0], [-0.149651422692408, 51.48609778913848, 0.0], [-0.149621165339383, 51.48614784972852, 0.0], [-0.149546505043281, 51.48618111298915, 0.0], [-0.149467011078021, 51.48619145888673, 0.0], [-0.149293155624363, 51.48619159274775, 0.0], [-0.14920397941229, 51.48620628192359, 0.0], [-0.149149237450277, 51.48620649700673, 0.0], [-0.149094491849264, 51.486206801932184, 0.0], [-0.149004295352844, 51.48612219727326, 0.0], [-0.148983324784644, 51.48607807260812, 0.0], [-0.148974736559176, 51.48602694937033, 0.0], [-0.148979629593021, 51.48597370087796, 0.0], [-0.148997825892464, 51.48592983476433, 0.0], [-0.14902847633685, 51.48589497791894, 0.0], [-0.149081104141068, 51.48585803998238, 0.0], [-0.149077409802328, 51.48583900742128, 0.0], [-0.149152707899209, 51.48584334332068, 0.0], [-0.149155207876059, 51.48584563091335, 0.0], [-0.149158276342217, 51.48584810732958, 0.0], [-0.149161348447672, 51.485850493877805, 0.0], [-0.149164564495211, 51.48585288269787, 0.0], [-0.149167784182037, 51.485855181649924, 0.0], [-0.149171147810966, 51.48585748287386, 0.0], [-0.149173676901033, 51.48585905152288, 0.0]]]}}, {"type": "Feature", "properties": {"ID": "C92DE91A-B1A8-44D8-A1FC-015E6D67C5AD", "FEATCODE": 15608}, "geometry": {"type": "Polygon", "coordinates": [[[-0.129139026948387, 51.484819916252604, 0.0], [-0.129016304697291, 51.48781805503484, 0.0], [-0.12858061658816, 51.48810920585801, 0.0], [-0.128509993718928, 51.48810672987859, 0.0], [-0.128484901657334, 51.48812854102599, 0.0], [-0.128483259359113, 51.4881299536239, 0.0], [-0.128482975144533, 51.48812985916231, 0.0], [-0.128264980012959, 51.48803285720433, 0.0], [-0.128249418198138, 51.4880259543182, 0.0], [-0.1280195423567, 51.487923636500035, 0.0], [-0.127965220233403, 51.48789947857586, 0.0], [-0.127446625307381, 51.487668632621464, 0.0], [-0.127392159847881, 51.487644472138264, 0.0], [-0.127239239025887, 51.48757647426293, 0.0], [-0.127238393764911, 51.48757601113575, 0.0], [-0.12723641166993, 51.48757517015036, 0.0], [-0.126855318596244, 51.48740559854212, 0.0], [-0.126800292719902, 51.48738106912484, 0.0], [-0.126283684318599, 51.48715123885207, 0.0], [-0.126230356911977, 51.487127455706876, 0.0], [-0.126221443183538, 51.487123536397036, 0.0], [-0.126216353309356, 51.48712120692439, 0.0], [-0.125764962530792, 51.486920383303115, 0.0], [-0.12575831512325, 51.48691739943659, 0.0], [-0.125714182420671, 51.4868977197403, 0.0], [-0.125722746113097, 51.48685397292679, 0.0], [-0.125686667139311, 51.48683810889659, 0.0], [-0.125995912615044, 51.486585234754926, 0.0], [-0.126447975254597, 51.48625658633518, 0.0], [-0.126742758007566, 51.486029557592055, 0.0], [-0.126770577214442, 51.48600797022931, 0.0], [-0.127056614879808, 51.485797437241125, 0.0], [-0.12728207577411, 51.48564510718334, 0.0], [-0.127547801959736, 51.485501333121505, 0.0], [-0.128190738283425, 51.48518193068323, 0.0], [-0.128401983421199, 51.48509169000872, 0.0], [-0.128928028612375, 51.48488660167718, 0.0], [-0.129139026948387, 51.484819916252604, 0.0]]]}}, {"type": "Feature", "properties": {"ID": "8AB5947C-5838-4EDF-95C0-437EFB236A54", "FEATCODE": 15608}, "geometry": {"type": "Polygon", "coordinates": [[[-0.124331398375116, 51.49460561092159, 0.0], [-0.124210609548582, 51.49459315761975, 0.0], [-0.124209173565252, 51.49459304472492, 0.0], [-0.124140888650652, 51.49458601736801, 0.0], [-0.123495907748075, 51.49451976473276, 0.0], [-0.123428051273354, 51.49451283374038, 0.0], [-0.123011167436235, 51.494470011876544, 0.0], [-0.123009303251338, 51.49446980218777, 0.0], [-0.122857385156745, 51.49445415146836, 0.0], [-0.122856665323246, 51.49445413994591, 0.0], [-0.122856093148253, 51.49445404086153, 0.0], [-0.122711443620338, 51.494440304811306, 0.0], [-0.122642996758805, 51.49443372361394, 0.0], [-0.121996960834763, 51.49437221186633, 0.0], [-0.121928942394208, 51.49436572703713, 0.0], [-0.121404740390716, 51.494315785156864, 0.0], [-0.121402595677141, 51.49431539109742, 0.0], [-0.121388014581579, 51.49431263959908, 0.0], [-0.12139720380643, 51.494278345322314, 0.0], [-0.121411733323683, 51.494173724889215, 0.0], [-0.121388468440253, 51.49411238267369, 0.0], [-0.121339034148381, 51.49407786866105, 0.0], [-0.12118417002459, 51.49402529908837, 0.0], [-0.121163642692272, 51.49400950301433, 0.0], [-0.121187575010254, 51.493988034536336, 0.0], [-0.121340617822472, 51.493976278158556, 0.0], [-0.121407647053755, 51.49396125528008, 0.0], [-0.121454805981155, 51.4939284685034, 0.0], [-0.121462352705614, 51.49388506542807, 0.0], [-0.121440792207908, 51.49385585394476, 0.0], [-0.121397024117948, 51.493830693054036, 0.0], [-0.121336009502497, 51.49381505774133, 0.0], [-0.121339475993995, 51.49380782930509, 0.0], [-0.121377193906524, 51.49372786024772, 0.0], [-0.12138130274463, 51.493719023440505, 0.0], [-0.121385750858378, 51.49371945440043, 0.0], [-0.121459597259234, 51.49371731013174, 0.0], [-0.121514474082152, 51.493700024234855, 0.0], [-0.121553644554377, 51.49366531094352, 0.0], [-0.121597493852299, 51.49356934335648, 0.0], [-0.121754834668008, 51.493053442695356, 0.0], [-0.121760516157148, 51.49303437954949, 0.0], [-0.121766020435416, 51.49301612289505, 0.0], [-0.12177285370507, 51.49299357109924, 0.0], [-0.121879098585067, 51.49265526417641, 0.0], [-0.122045973968998, 51.4921771046798, 0.0], [-0.122241235108219, 51.49169166586775, 0.0], [-0.122446693991773, 51.491245417695694, 0.0], [-0.122638335979237, 51.49086891005823, 0.0], [-0.12278157247357, 51.49061869207529, 0.0], [-0.123043867832476, 51.49019826206997, 0.0], [-0.123275685374296, 51.48985692785658, 0.0], [-0.123527427343471, 51.489510876186635, 0.0], [-0.123688634375474, 51.489306896636656, 0.0], [-0.123806176905983, 51.48919106474003, 0.0], [-0.124014231808686, 51.48854755858466, 0.0], [-0.124138241902673, 51.48830215711446, 0.0], [-0.12438241820089, 51.48799617932856, 0.0], [-0.124272546701475, 51.4878830939975, 0.0], [-0.124247745805709, 51.48783107998704, 0.0], [-0.124347347896584, 51.487797782054095, 0.0], [-0.124713722792193, 51.48788007849204, 0.0], [-0.124805718984489, 51.48787768286738, 0.0], [-0.124888080750654, 51.487850313646234, 0.0], [-0.125020207388143, 51.48775099028671, 0.0], [-0.125692737402498, 51.48711508684085, 0.0], [-0.125694760608891, 51.48706575002674, 0.0], [-0.126077544330957, 51.48723607188179, 0.0], [-0.126082637895061, 51.48723831149375, 0.0], [-0.126096641514452, 51.48724456029227, 0.0], [-0.126149968984974, 51.487268343498506, 0.0], [-0.126666578007018, 51.48749817436273, 0.0], [-0.126721603949332, 51.487522703842984, 0.0], [-0.127104679578342, 51.48769311687518, 0.0], [-0.127105524840075, 51.48769358000333, 0.0], [-0.127108920617393, 51.48769507304878, 0.0], [-0.127258445845927, 51.48776157805373, 0.0], [-0.12731290768892, 51.48778582846604, 0.0], [-0.127831506919893, 51.48801658514737, 0.0], [-0.127885829108499, 51.48804074313373, 0.0], [-0.128115705226032, 51.48814306121506, 0.0], [-0.128129425189854, 51.488149215313, 0.0], [-0.128348837970675, 51.488246779700276, 0.0], [-0.128328074806649, 51.48826488303495, 0.0], [-0.128299546642824, 51.488289696767495, 0.0], [-0.128299100078451, 51.48829004934189, 0.0], [-0.128375950311815, 51.48832688647479, 0.0], [-0.128409014864947, 51.488395307995134, 0.0], [-0.128385570822027, 51.48846480596475, 0.0], [-0.12831320837936, 51.488550519067125, 0.0], [-0.128058766588143, 51.48880877039496, 0.0], [-0.127804079970985, 51.48904831275469, 0.0], [-0.127371840858952, 51.48947979805874, 0.0], [-0.127275160431567, 51.489550734099055, 0.0], [-0.126982876966657, 51.489723309215314, 0.0], [-0.126881608273156, 51.48980424330991, 0.0], [-0.126787604341984, 51.48989770309195, 0.0], [-0.125591870013927, 51.49137981328793, 0.0], [-0.125573873079266, 51.49140416521859, 0.0], [-0.125436903677132, 51.491614289976354, 0.0], [-0.125326867640304, 51.49181747124999, 0.0], [-0.125082005226817, 51.49237505157766, 0.0], [-0.124975213327497, 51.49264653786221, 0.0], [-0.124930386899961, 51.49284024010389, 0.0], [-0.124957236561475, 51.493074116077686, 0.0], [-0.124933984008184, 51.49331780214753, 0.0], [-0.124788050856385, 51.49439907110095, 0.0], [-0.124768930735805, 51.49453850959292, 0.0], [-0.12475721724278, 51.494623841439356, 0.0], [-0.124750171135467, 51.49464809857742, 0.0], [-0.124746295078214, 51.49464776681919, 0.0], [-0.124733378575946, 51.49464657109096, 0.0], [-0.124703525549523, 51.49464384556841, 0.0], [-0.124355931939259, 51.494608071607395, 0.0], [-0.124349763478359, 51.49460743339414, 0.0], [-0.124331398375116, 51.49460561092159, 0.0]]]}}, {"type": "Feature", "properties": {"ID": "0A75BBDF-8A7C-4A78-B741-3B1ACD0D687A", "FEATCODE": 15608}, "geometry": {"type": "Polygon", "coordinates": [[[-0.120049067420028, 51.50072823094302, 0.0], [-0.120042159778917, 51.50072803028628, 0.0], [-0.120046146222336, 51.500687178099255, 0.0], [-0.120052299119135, 51.500656702070245, 0.0], [-0.12005971877719, 51.50061995156392, 0.0], [-0.120017852166348, 51.500618471098974, 0.0], [-0.120078398440192, 51.50048113628884, 0.0], [-0.120658283251613, 51.49745247754783, 0.0], [-0.120697702198779, 51.49726120820339, 0.0], [-0.120891564979973, 51.49630975534357, 0.0], [-0.121189876259534, 51.49504622530979, 0.0], [-0.121209443870871, 51.49498026368304, 0.0], [-0.121347979041362, 51.49446298322952, 0.0], [-0.121350005917003, 51.49445573173081, 0.0], [-0.121350722055141, 51.49445583312884, 0.0], [-0.121353442641134, 51.494456236414614, 0.0], [-0.121356163227179, 51.494456639700346, 0.0], [-0.121358887508025, 51.49445695311964, 0.0], [-0.121361759450245, 51.494457178978834, 0.0], [-0.121894139577358, 51.49450797142071, 0.0], [-0.121962158223705, 51.49451445627205, 0.0], [-0.122608340069487, 51.49457597053474, 0.0], [-0.122676790830267, 51.494582461887866, 0.0], [-0.122820576992777, 51.494596184157786, 0.0], [-0.122973791249425, 51.494611855668325, 0.0], [-0.122975511472717, 51.49461206305338, 0.0], [-0.123390672648175, 51.49465476754333, 0.0], [-0.123458529326922, 51.49466169855923, 0.0], [-0.124103512168443, 51.49472795141836, 0.0], [-0.12417179728831, 51.494734978798974, 0.0], [-0.124173233275987, 51.49473509169429, 0.0], [-0.124312243656359, 51.49474936521429, 0.0], [-0.124318556103547, 51.494750005732406, 0.0], [-0.124372496158827, 51.494755544594504, 0.0], [-0.124667014566058, 51.494785793627706, 0.0], [-0.124668018653026, 51.494785899610136, 0.0], [-0.124668878772106, 51.49478600329032, 0.0], [-0.12469973597602, 51.49478883480475, 0.0], [-0.124708920416385, 51.494789701079675, 0.0], [-0.124707407100683, 51.49479498248451, 0.0], [-0.124701870567403, 51.494814048080194, 0.0], [-0.124695499329041, 51.49492365530703, 0.0], [-0.124647088369836, 51.495432758711495, 0.0], [-0.124568982997874, 51.495998399943865, 0.0], [-0.124414438501584, 51.49688187417955, 0.0], [-0.124290950047935, 51.4974895038918, 0.0], [-0.124198073981952, 51.49794798711972, 0.0], [-0.124175179106313, 51.49800382432489, 0.0], [-0.124211217963234, 51.4980068287618, 0.0], [-0.124186024731294, 51.49813268114154, 0.0], [-0.124151565849653, 51.49812979189558, 0.0], [-0.124150624572856, 51.498135172367064, 0.0], [-0.124110112173539, 51.498349895821214, 0.0], [-0.124103319846809, 51.498374966300496, 0.0], [-0.124105181248369, 51.49841033678084, 0.0], [-0.123783383683538, 51.500008559697264, 0.0], [-0.123727228881414, 51.50023921930124, 0.0], [-0.123697167690132, 51.50043090901067, 0.0], [-0.12373509715925, 51.50061595290876, 0.0], [-0.123626411187173, 51.50076798650528, 0.0], [-0.12360850153722, 51.50077606302017, 0.0], [-0.12359824535391, 51.50078722952683, 0.0], [-0.123593328199694, 51.50085081805828, 0.0], [-0.123580380451185, 51.50085034111774, 0.0], [-0.123576064535083, 51.50085018213722, 0.0], [-0.123185247213781, 51.500834306342085, 0.0], [-0.123137923545504, 51.50083237995982, 0.0], [-0.122681515090809, 51.500813834095645, 0.0], [-0.12263404748355, 51.50081190520555, 0.0], [-0.122130315916138, 51.500791430596024, 0.0], [-0.122083280321018, 51.50078950840017, 0.0], [-0.121859606557543, 51.500780441077076, 0.0], [-0.121856154574972, 51.50078029586886, 0.0], [-0.121825083038274, 51.50077907885664, 0.0], [-0.121823931145936, 51.500779060408995, 0.0], [-0.121822926934817, 51.50077895440103, 0.0], [-0.121554816763315, 51.50077133304525, 0.0], [-0.121507615060859, 51.50076994751023, 0.0], [-0.121004641144405, 51.50075559512415, 0.0], [-0.120958303399018, 51.50075422321008, 0.0], [-0.120500951365906, 51.50074113917954, 0.0], [-0.120457633670554, 51.50073990539321, 0.0], [-0.120059430730896, 51.50072848699429, 0.0], [-0.120049067420028, 51.50072823094302, 0.0]]]}}, {"type": "Feature", "properties": {"ID": "E4B0C33F-8B9B-4C04-A2F9-78FDAFB87F4D", "FEATCODE": 15608}, "geometry": {"type": "Polygon", "coordinates": [[[-0.119390583695189, 51.503847439161035, 0.0], [-0.119446760087215, 51.5036344073405, 0.0], [-0.119445440877518, 51.50360345183526, 0.0], [-0.119473504556102, 51.5034782759909, 0.0], [-0.119474228521585, 51.50347469058181, 0.0], [-0.119565823126932, 51.503031298069956, 0.0], [-0.119572257288117, 51.50300100643408, 0.0], [-0.119670370752279, 51.50254971497777, 0.0], [-0.119699957703715, 51.5024750116692, 0.0], [-0.119789713729888, 51.5023142251725, 0.0], [-0.119836480595235, 51.502126671036066, 0.0], [-0.119890917713523, 51.501857767376734, 0.0], [-0.119903380551196, 51.50172649614927, 0.0], [-0.119847204062817, 51.501705092545784, 0.0], [-0.119866944953197, 51.50161053766292, 0.0], [-0.119925860635182, 51.501327317694944, 0.0], [-0.119959273921575, 51.501163109888275, 0.0], [-0.11999685222243, 51.50098871733358, 0.0], [-0.120026174990105, 51.50092039440731, 0.0], [-0.12002946766674, 51.5008753945288, 0.0], [-0.12002976697845, 51.50087162245703, 0.0], [-0.120048762126603, 51.50087219673129, 0.0], [-0.12004948206005, 51.50087220827196, 0.0], [-0.120447110301389, 51.500883617486515, 0.0], [-0.120490428132553, 51.50088485127807, 0.0], [-0.120947781599555, 51.50089793536395, 0.0], [-0.12099412318653, 51.50089921741738, 0.0], [-0.121497094983601, 51.50091365973052, 0.0], [-0.121544296834036, 51.500915045271256, 0.0], [-0.121811255950186, 51.500922648211656, 0.0], [-0.121837867681666, 51.50092370387807, 0.0], [-0.121841175687991, 51.50092384678098, 0.0], [-0.122068302143354, 51.50093305934832, 0.0], [-0.122115337885358, 51.50093498155164, 0.0], [-0.122619071025911, 51.50095545624104, 0.0], [-0.122666538781411, 51.50095738513863, 0.0], [-0.123122948661463, 51.5009759310752, 0.0], [-0.123170416464811, 51.500977859769236, 0.0], [-0.123565406948942, 51.50099389230321, 0.0], [-0.123569722878562, 51.50099405128423, 0.0], [-0.123580366869776, 51.50099449136547, 0.0], [-0.123582382692897, 51.50099452361874, 0.0], [-0.12358023787688, 51.501022186333806, 0.0], [-0.123593392679081, 51.501052701680116, 0.0], [-0.123672170374856, 51.501225449880174, 0.0], [-0.123654450386659, 51.50139377654295, 0.0], [-0.123702649668236, 51.50139544694557, 0.0], [-0.123673393504374, 51.501704322321054, 0.0], [-0.123626652250773, 51.50170222560912, 0.0], [-0.123608304196333, 51.501868294070476, 0.0], [-0.123542442225221, 51.501952849277096, 0.0], [-0.123509550215915, 51.502045036096256, 0.0], [-0.12336412575833, 51.5029755054276, 0.0], [-0.123272568076361, 51.503394351651245, 0.0], [-0.123186041235016, 51.503746823427846, 0.0], [-0.123112310996838, 51.503907059580506, 0.0], [-0.119390583695189, 51.503847439161035, 0.0]]]}}, {"type": "Feature", "properties": {"ID": "B0B5AA74-B898-466A-954A-11689B1CBC1A", "FEATCODE": 15608}, "geometry": {"type": "Polygon", "coordinates": [[[-0.119390583695189, 51.503847439161035, 0.0], [-0.123112310996838, 51.503907059580506, 0.0], [-0.123077334269245, 51.50398329610621, 0.0], [-0.123084887715088, 51.504174688301234, 0.0], [-0.123016154969947, 51.50445523461326, 0.0], [-0.123007297043704, 51.504484948075834, 0.0], [-0.122964055897863, 51.50462552879904, 0.0], [-0.122956191148559, 51.50465211076447, 0.0], [-0.122849994063283, 51.50499923161074, 0.0], [-0.122786573064242, 51.50516799561355, 0.0], [-0.122734141188337, 51.50524116495092, 0.0], [-0.122508955155865, 51.50536300615233, 0.0], [-0.12235444447794, 51.50542006314971, 0.0], [-0.122317841693531, 51.50544816333271, 0.0], [-0.122294593891014, 51.50548439075801, 0.0], [-0.122289013587722, 51.50553600850947, 0.0], [-0.122312905677604, 51.50558576006524, 0.0], [-0.122386839781504, 51.50566257099125, 0.0], [-0.122493215203566, 51.505742419127124, 0.0], [-0.122519282618024, 51.505781324490954, 0.0], [-0.122514872636755, 51.50585355389546, 0.0], [-0.122455319425777, 51.505987758359794, 0.0], [-0.122375388744352, 51.50606381454344, 0.0], [-0.122315308186949, 51.50613722094168, 0.0], [-0.122178103751174, 51.50637260702935, 0.0], [-0.122162418468608, 51.5063685790206, 0.0], [-0.122139317755091, 51.5064047188432, 0.0], [-0.122097994184037, 51.506467004937534, 0.0], [-0.122069465434167, 51.50650548581766, 0.0], [-0.122033274622355, 51.506551577584005, 0.0], [-0.121954275782399, 51.506527831242835, 0.0], [-0.121943563684647, 51.50653952985637, 0.0], [-0.121943404899142, 51.50653988701517, 0.0], [-0.121739659019079, 51.50678490814743, 0.0], [-0.121695203509594, 51.506842737600145, 0.0], [-0.12169255800377, 51.50688954634928, 0.0], [-0.121686317452985, 51.50689762961287, 0.0], [-0.121622969857596, 51.507085458331304, 0.0], [-0.121596774118346, 51.50711974997045, 0.0], [-0.121597021339977, 51.50712425019837, 0.0], [-0.121629293184765, 51.50713492863218, 0.0], [-0.121620176018344, 51.50714638298455, 0.0], [-0.12161704483251, 51.50714543358183, 0.0], [-0.121609305031153, 51.50715493163516, 0.0], [-0.121607181756149, 51.50715750546426, 0.0], [-0.121610593563983, 51.507158639212456, 0.0], [-0.121597935220884, 51.50717210513079, 0.0], [-0.121567033199549, 51.507163157210194, 0.0], [-0.121338634848896, 51.507411829445175, 0.0], [-0.121364777352578, 51.507420881037206, 0.0], [-0.121391385156764, 51.50742913074816, 0.0], [-0.121050796827032, 51.50785126986504, 0.0], [-0.120723104887005, 51.50819448032862, 0.0], [-0.120636107413808, 51.508267004941374, 0.0], [-0.120552223727285, 51.508319885734075, 0.0], [-0.120459895689049, 51.50836085091825, 0.0], [-0.120333016075013, 51.5084009925082, 0.0], [-0.120311537038788, 51.50839066655044, 0.0], [-0.120153138567067, 51.50851735054462, 0.0], [-0.120167369246192, 51.5085252222937, 0.0], [-0.120248419753584, 51.50855170046118, 0.0], [-0.120193597958066, 51.50862671879899, 0.0], [-0.120025430918626, 51.50875963075307, 0.0], [-0.119792396377501, 51.50891749100351, 0.0], [-0.119275989818903, 51.50921315891663, 0.0], [-0.119068109951001, 51.50931647671592, 0.0], [-0.118893658224828, 51.50938840680196, 0.0], [-0.118788419645128, 51.50940335503117, 0.0], [-0.11879036179815, 51.509405184690365, 0.0], [-0.118775103058562, 51.509411774269765, 0.0], [-0.118773297515747, 51.50941012665228, 0.0], [-0.118486714411757, 51.509541856377965, 0.0], [-0.118102649288323, 51.5096820929283, 0.0], [-0.118097398116376, 51.509683627326346, 0.0], [-0.118049185450952, 51.50962961788851, 0.0], [-0.117858673038182, 51.50941631521276, 0.0], [-0.117829464400682, 51.50938374311451, 0.0], [-0.117758242933282, 51.50930409526991, 0.0], [-0.117545695063521, 51.50906606863658, 0.0], [-0.117317576253237, 51.508810795745475, 0.0], [-0.117287404757523, 51.50877712894357, 0.0], [-0.117250351348695, 51.508735618073864, 0.0], [-0.117241124935895, 51.50872521846614, 0.0], [-0.11678958169102, 51.508219872088944, 0.0], [-0.116776633978855, 51.508205366046006, 0.0], [-0.11675059456952, 51.50817635164357, 0.0], [-0.116252644170951, 51.507619000409946, 0.0], [-0.116246032034814, 51.50761161024819, 0.0], [-0.116025233758416, 51.50736436571805, 0.0], [-0.116019862151959, 51.50735834435173, 0.0], [-0.116022794185309, 51.50735713249512, 0.0], [-0.11633760673834, 51.50722559241032, 0.0], [-0.116655312334342, 51.50706927852808, 0.0], [-0.116894385301543, 51.50693625090881, 0.0], [-0.11711886336784, 51.50678320490203, 0.0], [-0.117226188499587, 51.506724498013384, 0.0], [-0.117263430241443, 51.5066984779436, 0.0], [-0.11729221547789, 51.50667834711379, 0.0], [-0.11737125410879, 51.50660668637405, 0.0], [-0.117576463966355, 51.50646654923807, 0.0], [-0.117745331784843, 51.506327087449684, 0.0], [-0.118007177721392, 51.5060853435341, 0.0], [-0.118262904766021, 51.505824166898414, 0.0], [-0.118263056172858, 51.50582398947686, 0.0], [-0.11828902894943, 51.50578465916453, 0.0], [-0.118342057443214, 51.50572867710463, 0.0], [-0.118545886138044, 51.50548896868812, 0.0], [-0.118594402542704, 51.505427068977696, 0.0], [-0.118630048405662, 51.50539077137961, 0.0], [-0.118908781086046, 51.504987160820654, 0.0], [-0.11903501536726, 51.50477003720602, 0.0], [-0.119147410432007, 51.50454603702878, 0.0], [-0.119320072512802, 51.50411464596754, 0.0], [-0.119390583695189, 51.503847439161035, 0.0]]]}}, {"type": "Feature", "properties": {"ID": "B31E4DF0-F67F-4869-8594-DD7179B51037", "FEATCODE": 15608}, "geometry": {"type": "Polygon", "coordinates": [[[-0.121120334175198, 51.49376295266494, 0.0], [-0.121118432931371, 51.493767148704414, 0.0], [-0.121113223908513, 51.49377821601438, 0.0], [-0.121084626720714, 51.4937764988673, 0.0], [-0.121120334175198, 51.49376295266494, 0.0]]]}}, {"type": "Feature", "properties": {"ID": "E6BE8322-D8BE-41FD-ACA0-AF3AE089BACE", "FEATCODE": 15608}, "geometry": {"type": "Polygon", "coordinates": [[[-0.104606711080125, 51.50888168706424, 0.0], [-0.104607929583836, 51.508828021208224, 0.0], [-0.104612169768606, 51.50864599050907, 0.0], [-0.104631467096893, 51.508646302370224, 0.0], [-0.104695267220055, 51.50864724348596, 0.0], [-0.104743843288122, 51.50855666412383, 0.0], [-0.10480587938706, 51.508600111455536, 0.0], [-0.104868517407582, 51.508625583371476, 0.0], [-0.104949456473253, 51.508640649824734, 0.0], [-0.105066877679667, 51.508648212372556, 0.0], [-0.105998314793143, 51.50865678330491, 0.0], [-0.107348222420817, 51.50864485324979, 0.0], [-0.10753887811246, 51.508634351063854, 0.0], [-0.107645960580326, 51.508609730718405, 0.0], [-0.107709282304691, 51.5085630918803, 0.0], [-0.10774220752626, 51.50848143119232, 0.0], [-0.108198350424381, 51.508473322635616, 0.0], [-0.108921191293632, 51.50842446022002, 0.0], [-0.108942202917564, 51.50842165162105, 0.0], [-0.108971847670526, 51.50841916206808, 0.0], [-0.109296892928677, 51.50838573460455, 0.0], [-0.109559919103666, 51.50834663046348, 0.0], [-0.109586802622661, 51.50834121863206, 0.0], [-0.109634052025415, 51.50833118915396, 0.0], [-0.109663132862698, 51.50832491346684, 0.0], [-0.109826398838159, 51.50829022577461, 0.0], [-0.110451241937895, 51.50825533163714, 0.0], [-0.110619090700121, 51.50825614731831, 0.0], [-0.110678434424703, 51.50826726489297, 0.0], [-0.110725135901851, 51.508287890738174, 0.0], [-0.110833493911083, 51.50839610796984, 0.0], [-0.110900194231101, 51.50843144395649, 0.0], [-0.111009571892125, 51.50844534562245, 0.0], [-0.111183211546417, 51.50843159590992, 0.0], [-0.111734627169179, 51.50836026157998, 0.0], [-0.112165861263299, 51.50829580291858, 0.0], [-0.113206917157119, 51.50811346071486, 0.0], [-0.114332717527722, 51.50786781547417, 0.0], [-0.114698805278227, 51.507775502310594, 0.0], [-0.115164256445037, 51.50764638676233, 0.0], [-0.115167173684526, 51.50764553439091, 0.0], [-0.11571584266947, 51.50747971557208, 0.0], [-0.115938164569636, 51.50772842397016, 0.0], [-0.115943945988456, 51.507734991475616, 0.0], [-0.116436112253149, 51.50828577650244, 0.0], [-0.116462007511566, 51.50831478866002, 0.0], [-0.11647495515299, 51.50832929473675, 0.0], [-0.116935862602753, 51.50884513410202, 0.0], [-0.116945232980512, 51.5088555360453, 0.0], [-0.116972919514639, 51.50888655520247, 0.0], [-0.117002946834758, 51.50892021977093, 0.0], [-0.117231064400768, 51.50917549325726, 0.0], [-0.117443755123335, 51.50941352275677, 0.0], [-0.117514972498566, 51.50949326065307, 0.0], [-0.117544036963933, 51.50952583051601, 0.0], [-0.117734696055447, 51.509739046134165, 0.0], [-0.117783731803437, 51.50979405809024, 0.0], [-0.117405173443629, 51.509950927018764, 0.0], [-0.117182014228655, 51.50999122833289, 0.0], [-0.116754924685115, 51.51013319778972, 0.0], [-0.116130051803355, 51.51028709645549, 0.0], [-0.115321686644643, 51.51045926575577, 0.0], [-0.114724587042148, 51.5105650435532, 0.0], [-0.114667273751723, 51.5105744636848, 0.0], [-0.114008086440393, 51.51067258530086, 0.0], [-0.113512002963931, 51.51073304023001, 0.0], [-0.113011231187823, 51.510781367631054, 0.0], [-0.112733791929968, 51.51078886367147, 0.0], [-0.112721498461298, 51.51078992480836, 0.0], [-0.112706169486008, 51.510791206874195, 0.0], [-0.112671604494465, 51.51079415775544, 0.0], [-0.112671024711046, 51.510794238351075, 0.0], [-0.112577448068963, 51.510802354510524, 0.0], [-0.112511002379909, 51.510809558342046, 0.0], [-0.112630104885827, 51.51074870708198, 0.0], [-0.112352160347742, 51.51079980791822, 0.0], [-0.112329061852631, 51.51080078503645, 0.0], [-0.112085831009139, 51.510827894307255, 0.0], [-0.112151582943787, 51.510833988512424, 0.0], [-0.112088344651008, 51.510847268735766, 0.0], [-0.111910120907793, 51.51086013671168, 0.0], [-0.111909800320635, 51.51085743378789, 0.0], [-0.111909015128949, 51.51085202562185, 0.0], [-0.111716324492517, 51.510859264883386, 0.0], [-0.111716001209853, 51.510867083191044, 0.0], [-0.111715934323767, 51.51086870077193, 0.0], [-0.111532569403514, 51.510869974946296, 0.0], [-0.111466637249061, 51.51086126965422, 0.0], [-0.111532127984713, 51.51084928498914, 0.0], [-0.111715627496273, 51.510841268575525, 0.0], [-0.111366242214328, 51.51083213585305, 0.0], [-0.111045231370591, 51.510812937806655, 0.0], [-0.111099866583887, 51.51086480545823, 0.0], [-0.110907528961045, 51.510863506159765, 0.0], [-0.110891099822072, 51.51086351131224, 0.0], [-0.11060726632277, 51.5108757553055, 0.0], [-0.10977197722113, 51.51087245783724, 0.0], [-0.109741305243698, 51.51087187357976, 0.0], [-0.108075199887362, 51.51086515264711, 0.0], [-0.107862551007485, 51.510856686371035, 0.0], [-0.107772013727831, 51.51084011822725, 0.0], [-0.107696259257057, 51.510811109032176, 0.0], [-0.107496735558655, 51.51067372086382, 0.0], [-0.107411097752515, 51.510629354595835, 0.0], [-0.107314490056388, 51.51060279633386, 0.0], [-0.107200867419368, 51.5105938585677, 0.0], [-0.106990424812344, 51.51060520991439, 0.0], [-0.105038648416836, 51.51077332589178, 0.0], [-0.104890548299362, 51.510796471788844, 0.0], [-0.104780298626103, 51.510838214241225, 0.0], [-0.104779824974979, 51.51084962712741, 0.0], [-0.104561440294718, 51.51085437114827, 0.0], [-0.104563753091394, 51.5107535120976, 0.0], [-0.104564915804268, 51.510701194237896, 0.0], [-0.104575820983225, 51.51022665365866, 0.0], [-0.104576332591684, 51.51020391076947, 0.0], [-0.104577192524365, 51.51016930334034, 0.0], [-0.104585988979241, 51.50978375491791, 0.0], [-0.104586059844997, 51.50978204747813, 0.0], [-0.104589029520081, 51.50965494077202, 0.0], [-0.104590253265932, 51.50959767798574, 0.0], [-0.104591092233097, 51.50956010267206, 0.0], [-0.104591219044141, 51.50955704725338, 0.0], [-0.104593738215001, 51.50944773851797, 0.0], [-0.10460126577668, 51.50912053122114, 0.0], [-0.104602540245273, 51.50906551738843, 0.0], [-0.104606026511924, 51.50891207083377, 0.0], [-0.104606711080125, 51.50888168706424, 0.0]], [[-0.11097043808038, 51.51081290221199, 0.0], [-0.111003457012297, 51.510819459027324, 0.0], [-0.111003475598743, 51.51081900969946, 0.0], [-0.1110034403398, 51.51081289420168, 0.0], [-0.11097043808038, 51.51081290221199, 0.0]]]}}, {"type": "Feature", "properties": {"ID": "4A57E71A-0638-4870-A8D5-6AE84FF94973", "FEATCODE": 15608}, "geometry": {"type": "Polygon", "coordinates": [[[-0.09459114737358, 51.508265902856195, 0.0], [-0.094727554133379, 51.50803593083759, 0.0], [-0.094974043277207, 51.50811025675384, 0.0], [-0.095545127158138, 51.508255499212765, 0.0], [-0.095975010824598, 51.50832767512475, 0.0], [-0.096181609630102, 51.5083703265155, 0.0], [-0.096315586926656, 51.50838859797072, 0.0], [-0.096657091804543, 51.50840996761235, 0.0], [-0.096762694635918, 51.50841752654349, 0.0], [-0.096765715070203, 51.50841766548453, 0.0], [-0.096768591495973, 51.50841780208854, 0.0], [-0.096771467921759, 51.508417938692475, 0.0], [-0.096792053653071, 51.508418452604516, 0.0], [-0.097003626095522, 51.50843168764068, 0.0], [-0.097531999743612, 51.50842973848145, 0.0], [-0.098572140686035, 51.50847511280392, 0.0], [-0.098673259206195, 51.50847962976353, 0.0], [-0.099678223232726, 51.50851848888636, 0.0], [-0.100740022804234, 51.50856986019093, 0.0], [-0.101295517612989, 51.508581102686605, 0.0], [-0.101401256920881, 51.50859927085951, 0.0], [-0.101898577851183, 51.508605971718325, 0.0], [-0.101935289084868, 51.508606835627226, 0.0], [-0.103056462292747, 51.508627043367376, 0.0], [-0.103581476551729, 51.50861233308635, 0.0], [-0.10372899706631, 51.50859952094124, 0.0], [-0.103945063890237, 51.508549688359224, 0.0], [-0.104170978298069, 51.50854380830843, 0.0], [-0.104228069291604, 51.50864041193824, 0.0], [-0.104252118938783, 51.508640800679224, 0.0], [-0.104252077905689, 51.508641789197, 0.0], [-0.104247939263537, 51.508824810714074, 0.0], [-0.104245891518705, 51.50890885799925, 0.0], [-0.104245210439912, 51.50893915189883, 0.0], [-0.104242404042586, 51.50906230453089, 0.0], [-0.104241132870742, 51.50911722849002, 0.0], [-0.104233598999616, 51.509444525602724, 0.0], [-0.104231096144796, 51.50955689206752, 0.0], [-0.104230112868697, 51.509594465047776, 0.0], [-0.104228888671472, 51.509651727825705, 0.0], [-0.104225847115293, 51.50978054195193, 0.0], [-0.104225920249538, 51.509782251719194, 0.0], [-0.104217047621354, 51.5101660903164, 0.0], [-0.104216191146448, 51.51020060787488, 0.0], [-0.104215675628156, 51.510223440625914, 0.0], [-0.104204766708565, 51.510697981133596, 0.0], [-0.104203603583277, 51.510750298985535, 0.0], [-0.10420136087439, 51.51084945058191, 0.0], [-0.1041503057878, 51.510846916724255, 0.0], [-0.104022643472632, 51.51084638178109, 0.0], [-0.103508693089293, 51.510843917461976, 0.0], [-0.102898036688925, 51.51084159526849, 0.0], [-0.102787379607744, 51.51084106426608, 0.0], [-0.10244385557685, 51.5108435102187, 0.0], [-0.102416049159473, 51.510843330108074, 0.0], [-0.102390262709874, 51.51084309274758, 0.0], [-0.102356112092094, 51.510842989827026, 0.0], [-0.101736992561633, 51.51083971532143, 0.0], [-0.101676335430287, 51.51083936303838, 0.0], [-0.100222422066509, 51.51083128862096, 0.0], [-0.099773831481553, 51.51082006472198, 0.0], [-0.099072339263005, 51.51077380596958, 0.0], [-0.098507714483406, 51.5107112374161, 0.0], [-0.098435682359425, 51.51070026766614, 0.0], [-0.098018984003413, 51.5106430625847, 0.0], [-0.097636759475274, 51.510623194762424, 0.0], [-0.097295465024004, 51.5105721560484, 0.0], [-0.097104425863913, 51.510525892352135, 0.0], [-0.096635247247538, 51.51037250968931, 0.0], [-0.096374819583836, 51.51031414775688, 0.0], [-0.096228565436479, 51.51029639653314, 0.0], [-0.095893369178234, 51.51031694356814, 0.0], [-0.095811627430586, 51.51033495046242, 0.0], [-0.095748826057079, 51.51038258057739, 0.0], [-0.095660130440418, 51.51052241360741, 0.0], [-0.095629148489845, 51.51054655016787, 0.0], [-0.095591340502825, 51.51056158331928, 0.0], [-0.095521675684967, 51.51056989429574, 0.0], [-0.095313100439993, 51.510567496395055, 0.0], [-0.095188733260255, 51.5105847206867, 0.0], [-0.095289380944662, 51.51036567778012, 0.0], [-0.095358327674285, 51.51021563248886, 0.0], [-0.095359270466534, 51.51021375936126, 0.0], [-0.095359928978536, 51.51021179169138, 0.0], [-0.095360583742496, 51.51020991388631, 0.0], [-0.095361242254382, 51.51020794621643, 0.0], [-0.09536175675215, 51.51020597620785, 0.0], [-0.095362127235823, 51.51020400386047, 0.0], [-0.095362497719461, 51.510202031513124, 0.0], [-0.095362724189025, 51.51020005682703, 0.0], [-0.095362806644535, 51.5101980798022, 0.0], [-0.095362889100036, 51.51019610277737, 0.0], [-0.095362827541506, 51.51019412341379, 0.0], [-0.09536276598298, 51.51019214405022, 0.0], [-0.095362560410449, 51.510190162347904, 0.0], [-0.095362210823935, 51.51018817830684, 0.0], [-0.095361861237446, 51.510186194265806, 0.0], [-0.095361363889017, 51.510184297750776, 0.0], [-0.095360870288608, 51.51018231137098, 0.0], [-0.095360228926284, 51.510180412517215, 0.0], [-0.095359447298021, 51.51017842145991, 0.0], [-0.095358661921842, 51.5101765202674, 0.0], [-0.095357732531767, 51.51017461673612, 0.0], [-0.09535680314177, 51.51017271320484, 0.0], [-0.095355725989913, 51.51017089719958, 0.0], [-0.095354508572188, 51.51016898899078, 0.0], [-0.095353287406574, 51.51016717064674, 0.0], [-0.095352062493061, 51.51016544216747, 0.0], [-0.09535069731371, 51.51016362148465, 0.0], [-0.095349184372552, 51.51016188832784, 0.0], [-0.095347671431507, 51.51016015517101, 0.0], [-0.09534601447667, 51.51015841967538, 0.0], [-0.095344353773949, 51.51015677404452, 0.0], [-0.095342549057452, 51.51015512607484, 0.0], [-0.095340744341083, 51.51015347810518, 0.0], [-0.095338791862941, 51.51015191766146, 0.0], [-0.095336839384932, 51.51015035721772, 0.0], [-0.095334742893182, 51.51014879443518, 0.0], [-0.095332642653544, 51.51014732151735, 0.0], [-0.09533054241404, 51.510145848599514, 0.0], [-0.095328294412774, 51.51014446320761, 0.0], [-0.095326046411645, 51.51014307781566, 0.0], [-0.095323650648752, 51.51014177994965, 0.0], [-0.095321254885997, 51.51014048208361, 0.0], [-0.09531871136148, 51.510139271743476, 0.0], [-0.095316167837096, 51.51013806140328, 0.0], [-0.095313620564783, 51.510136940927815, 0.0], [-0.095311073292595, 51.510135820452284, 0.0], [-0.095308382006705, 51.51013469763791, 0.0], [-0.095305686972866, 51.510133664688205, 0.0], [-0.095302844177243, 51.510132719264426, 0.0], [-0.095300001381738, 51.51013177384057, 0.0], [-0.095297154838256, 51.510130918281405, 0.0], [-0.095294308294882, 51.510130062722176, 0.0], [-0.095291458003505, 51.51012929702764, 0.0], [-0.095288459950306, 51.51012861885897, 0.0], [-0.095285461897197, 51.510127940690225, 0.0], [-0.095282463844178, 51.51012726252139, 0.0], [-0.09527946204312, 51.510126674217254, 0.0], [-0.095276312480203, 51.51012617343897, 0.0], [-0.095273303183009, 51.51012576486421, 0.0], [-0.095270149872078, 51.51012535395049, 0.0], [-0.095266996561205, 51.510124943036715, 0.0], [-0.095263839502228, 51.510124621987636, 0.0], [-0.095260678695129, 51.510124390803206, 0.0], [-0.095257517888065, 51.510124159618684, 0.0], [-0.095254353332854, 51.51012401829886, 0.0], [-0.095251185029477, 51.51012396684369, 0.0], [-0.09524801672611, 51.51012391538844, 0.0], [-0.095244844674552, 51.51012395379788, 0.0], [-0.095241672622992, 51.51012399220721, 0.0], [-0.095238496823217, 51.51012412048123, 0.0], [-0.095235317275206, 51.51012433861993, 0.0], [-0.095232281740958, 51.51012455909743, 0.0], [-0.095229098444663, 51.510124867100714, 0.0], [-0.095225915148326, 51.5101251751039, 0.0], [-0.095222872117496, 51.51012557531068, 0.0], [-0.095219681324574, 51.510126063043224, 0.0], [-0.09521663454538, 51.51012655311459, 0.0], [-0.09521358401786, 51.510127133050624, 0.0], [-0.095210677504064, 51.51012771532554, 0.0], [-0.095207623228122, 51.51012838512619, 0.0], [-0.095204709217614, 51.51012914713044, 0.0], [-0.095201651193208, 51.5101299067957, 0.0], [-0.095198881196314, 51.51013067113873, 0.0], [-0.095195963437221, 51.510131523007544, 0.0], [-0.095193185943533, 51.51013246707996, 0.0], [-0.095190408449728, 51.51013341115231, 0.0], [-0.095187627207498, 51.51013444508934, 0.0], [-0.095184989978963, 51.510135481365296, 0.0], [-0.095182349001985, 51.51013660750591, 0.0], [-0.095179708024877, 51.51013773364649, 0.0], [-0.095177207313135, 51.51013895199071, 0.0], [-0.095174706601262, 51.510140170334886, 0.0], [-0.095172205889255, 51.51014138867898, 0.0], [-0.095169845442606, 51.5101426992268, 0.0], [-0.095167625261315, 51.51014410197826, 0.0], [-0.095165261066036, 51.51014550239071, 0.0], [-0.095163184898322, 51.51014690748109, 0.0], [-0.095160960968252, 51.51014840009719, 0.0], [-0.09515991913591, 51.510149192507086, 0.0], [-0.095061575113777, 51.51011953842364, 0.0], [-0.09458713818605, 51.51001300326588, 0.0], [-0.094509751896298, 51.50999915640941, 0.0], [-0.093697953320985, 51.50985467288138, 0.0], [-0.093679381705501, 51.509850773992376, 0.0], [-0.093660847606044, 51.50984597645361, 0.0], [-0.093654995600138, 51.509844622374466, 0.0], [-0.09376955334395, 51.50965152554961, 0.0], [-0.093774518081323, 51.509643063305575, 0.0], [-0.093776998573793, 51.50963887711579, 0.0], [-0.093841949506888, 51.50952941412948, 0.0], [-0.093865818949076, 51.50948924559869, 0.0], [-0.094066103657975, 51.5091515024633, 0.0], [-0.094075563372559, 51.509135469572506, 0.0], [-0.094089048629422, 51.5091127576742, 0.0], [-0.094194309518208, 51.508935156419, 0.0], [-0.094208411944941, 51.50891146535356, 0.0], [-0.094209657775817, 51.50890923745635, 0.0], [-0.094305602173974, 51.508747671330255, 0.0], [-0.094326229100361, 51.50871266570697, 0.0], [-0.094390866832693, 51.50860373688159, 0.0], [-0.094429772777293, 51.50853818373623, 0.0], [-0.094430859579699, 51.50853631295544, 0.0], [-0.094526506866277, 51.50837492167255, 0.0], [-0.094536886541414, 51.50835755480617, 0.0], [-0.094547580470044, 51.50833956356486, 0.0], [-0.094581373766497, 51.50828256016857, 0.0], [-0.09459114737358, 51.508265902856195, 0.0]]]}}, {"type": "Feature", "properties": {"ID": "84986BFF-2CC9-4551-A886-4E07DD474F66", "FEATCODE": 15608}, "geometry": {"type": "Polygon", "coordinates": [[[-0.093548504918539, 51.5096097141638, 0.0], [-0.093438740897004, 51.50979497524822, 0.0], [-0.093438585629276, 51.509795242501134, 0.0], [-0.093427450191423, 51.50979272341436, 0.0], [-0.09340252937147, 51.50978557386877, 0.0], [-0.0926078484031, 51.50958335895471, 0.0], [-0.091945991202735, 51.50941342468278, 0.0], [-0.091836066647478, 51.50940579110822, 0.0], [-0.091725620268752, 51.509352017063435, 0.0], [-0.091517839285295, 51.50931005799471, 0.0], [-0.09112839451739, 51.50922881197135, 0.0], [-0.091103528236994, 51.509223821036706, 0.0], [-0.091049670705026, 51.50920909587493, 0.0], [-0.090900751234387, 51.50918284156868, 0.0], [-0.090092161077179, 51.50904494969681, 0.0], [-0.089843765741456, 51.509016264723115, 0.0], [-0.089435894955594, 51.50900701321201, 0.0], [-0.088696787369183, 51.50895828083093, 0.0], [-0.088193138063624, 51.50897875823155, 0.0], [-0.087880443797283, 51.509023029812894, 0.0], [-0.08776829787387, 51.50902030211225, 0.0], [-0.087594560705006, 51.509001732260145, 0.0], [-0.087600297212584, 51.50898518953845, 0.0], [-0.087561614080215, 51.508979792698355, 0.0], [-0.087561621606538, 51.5089796129696, 0.0], [-0.087718527960079, 51.50853973679722, 0.0], [-0.08791443886915, 51.50799078690782, 0.0], [-0.087916082099505, 51.50798595770779, 0.0], [-0.087977940404452, 51.507812959873284, 0.0], [-0.088259898771667, 51.50702243279486, 0.0], [-0.088260868114845, 51.50701993067458, 0.0], [-0.08829319866988, 51.506929183035616, 0.0], [-0.088293361480244, 51.50692873606071, 0.0], [-0.088319434640642, 51.50693239838859, 0.0], [-0.088418831175099, 51.506898767632585, 0.0], [-0.088524765275235, 51.506891411740646, 0.0], [-0.089325900250072, 51.50696192881252, 0.0], [-0.089949274698732, 51.50703449138644, 0.0], [-0.090072179517519, 51.50706239159571, 0.0], [-0.090192760174518, 51.507107969197676, 0.0], [-0.090327409890276, 51.50712724767064, 0.0], [-0.090435588206172, 51.507121365404906, 0.0], [-0.090552857620787, 51.50709449850648, 0.0], [-0.090760829249503, 51.50712818930221, 0.0], [-0.090874209238822, 51.50713920742238, 0.0], [-0.090957986993683, 51.5071344562082, 0.0], [-0.091039233903463, 51.50711095918919, 0.0], [-0.091063124808497, 51.507115124938544, 0.0], [-0.091289494481332, 51.50715684786425, 0.0], [-0.091408490991674, 51.507178298331745, 0.0], [-0.091640640257165, 51.50721966500226, 0.0], [-0.091858997051063, 51.50732213614391, 0.0], [-0.092112179467044, 51.50722913536665, 0.0], [-0.092082062402353, 51.507398155386504, 0.0], [-0.092423867232741, 51.50746387567301, 0.0], [-0.092445598377626, 51.50746800600973, 0.0], [-0.092615999060541, 51.50750081262212, 0.0], [-0.092626023136545, 51.5075023245333, 0.0], [-0.09298978228912, 51.50759447865958, 0.0], [-0.094181125602272, 51.50790430408598, 0.0], [-0.094475817813632, 51.507963047880295, 0.0], [-0.094499331495544, 51.50796936501131, 0.0], [-0.094518596212859, 51.50797390451632, 0.0], [-0.094518440957887, 51.50797417177089, 0.0], [-0.094365909147425, 51.508231398802856, 0.0], [-0.094365136613209, 51.50823264520978, 0.0], [-0.094331343087042, 51.5082896485418, 0.0], [-0.094320649085942, 51.50830763976278, 0.0], [-0.094310413348956, 51.50832500894939, 0.0], [-0.094214765412456, 51.50848640005055, 0.0], [-0.094174772393974, 51.50855382390069, 0.0], [-0.094110134223074, 51.50866275260328, 0.0], [-0.094089363146388, 51.50869775584711, 0.0], [-0.093992172257372, 51.508861549685626, 0.0], [-0.093990930167804, 51.50886368771574, 0.0], [-0.093978213745008, 51.50888524306464, 0.0], [-0.093872808130682, 51.509062841779276, 0.0], [-0.093859466792714, 51.509085555992485, 0.0], [-0.093849863003066, 51.50910158652475, 0.0], [-0.093649576933115, 51.50943932927931, 0.0], [-0.093625707329107, 51.50947949776472, 0.0], [-0.093560899966893, 51.50958896296845, 0.0], [-0.093558419457564, 51.50959314915352, 0.0], [-0.093548504918539, 51.5096097141638, 0.0]]]}}, {"type": "Feature", "properties": {"ID": "4EABA930-AA17-4A6E-BC84-FAA27791586A", "FEATCODE": 15608}, "geometry": {"type": "Polygon", "coordinates": [[[-0.083705801890567, 51.50844204669197, 0.0], [-0.083700458366391, 51.50845949491151, 0.0], [-0.083689615985454, 51.50849465858912, 0.0], [-0.083660059397394, 51.50859803993455, 0.0], [-0.083312727850019, 51.508557652755854, 0.0], [-0.081883964602056, 51.508391671841295, 0.0], [-0.081578071089626, 51.50836661511925, 0.0], [-0.081384365906915, 51.50836038894132, 0.0], [-0.0813006184833, 51.50831288692446, 0.0], [-0.081241342658043, 51.50830031673091, 0.0], [-0.080749684530452, 51.50818984644515, 0.0], [-0.080472826046274, 51.508115173280125, 0.0], [-0.08006879889099, 51.50797358118241, 0.0], [-0.079593395914378, 51.5078536601145, 0.0], [-0.079467265347246, 51.50784431072216, 0.0], [-0.079311323317664, 51.5078790761993, 0.0], [-0.079216250314226, 51.50788507292672, 0.0], [-0.079138865367955, 51.507874812923795, 0.0], [-0.078951479261243, 51.50775609903333, 0.0], [-0.078674577223879, 51.50760723203208, 0.0], [-0.078527043234406, 51.50755175871507, 0.0], [-0.078256448820219, 51.50747565415094, 0.0], [-0.078004054224624, 51.5074156741727, 0.0], [-0.077556197746826, 51.50734682446838, 0.0], [-0.076425251132745, 51.50710796209145, 0.0], [-0.076193847578075, 51.507049221730654, 0.0], [-0.075842719489056, 51.506928356258385, 0.0], [-0.075685232732479, 51.506883507141254, 0.0], [-0.074787344282277, 51.50670897276126, 0.0], [-0.074807871538429, 51.50668008380457, 0.0], [-0.074777843354721, 51.506671137835106, 0.0], [-0.074776649505676, 51.50666185586711, 0.0], [-0.074749285388543, 51.506654662215546, 0.0], [-0.074816240379241, 51.506556752891896, 0.0], [-0.074864615736564, 51.506485965952166, 0.0], [-0.075511086305818, 51.505541203038, 0.0], [-0.075511389446791, 51.50554084830873, 0.0], [-0.075511552376478, 51.50554040135273, 0.0], [-0.075574635168386, 51.505445395612824, 0.0], [-0.075577708215273, 51.505440859816524, 0.0], [-0.07615702810329, 51.504567291905985, 0.0], [-0.076166875853722, 51.504552435820045, 0.0], [-0.076244733100198, 51.50443501074871, 0.0], [-0.076245346925311, 51.50443412155829, 0.0], [-0.076266021715139, 51.50443931669743, 0.0], [-0.076331728343652, 51.50443589819433, 0.0], [-0.076538924848276, 51.50450800003343, 0.0], [-0.076917677866469, 51.50460206900173, 0.0], [-0.077378479515696, 51.50474954896518, 0.0], [-0.077921824121114, 51.5049421738559, 0.0], [-0.079798623255464, 51.50556013406693, 0.0], [-0.080696623676184, 51.50579020612381, 0.0], [-0.081304037500138, 51.505964169883306, 0.0], [-0.081327775317456, 51.5059685149739, 0.0], [-0.081386174951118, 51.505970999116556, 0.0], [-0.081449157269716, 51.50598102204391, 0.0], [-0.081567239757497, 51.50600003960249, 0.0], [-0.082565092271766, 51.50617237950002, 0.0], [-0.08269940772492, 51.50622007787366, 0.0], [-0.082895274508018, 51.50626041915875, 0.0], [-0.083047524225814, 51.506279094471125, 0.0], [-0.083283314341086, 51.50628492665667, 0.0], [-0.083349519744296, 51.506300576634125, 0.0], [-0.083496297328411, 51.50635351359662, 0.0], [-0.083577491036123, 51.506372555777304, 0.0], [-0.08390227355762, 51.506393599532416, 0.0], [-0.084458990117215, 51.50648839312381, 0.0], [-0.084675233105517, 51.50651710409089, 0.0], [-0.085068919950787, 51.506530726932645, 0.0], [-0.085420766967563, 51.50652837803764, 0.0], [-0.085421774978975, 51.50652839449341, 0.0], [-0.085445337652811, 51.506526620932085, 0.0], [-0.086148526004078, 51.50654430309619, 0.0], [-0.086320343528224, 51.50656374309264, 0.0], [-0.086466305765287, 51.50659840806933, 0.0], [-0.086469299686088, 51.506599176324556, 0.0], [-0.086472301136958, 51.506599764851, 0.0], [-0.086475446589853, 51.50660035572688, 0.0], [-0.086478451805857, 51.5066008543888, 0.0], [-0.086481601023876, 51.50660135540019, 0.0], [-0.086484754006925, 51.506601766547114, 0.0], [-0.086487910754987, 51.50660208782963, 0.0], [-0.086490923501144, 51.50660240676251, 0.0], [-0.086494224251252, 51.506602730394356, 0.0], [-0.086497388529324, 51.506602871947884, 0.0], [-0.086500552807417, 51.506603013501326, 0.0], [-0.086503717085532, 51.506603155054684, 0.0], [-0.086506885128587, 51.50660320674361, 0.0], [-0.08651005693656, 51.50660316856808, 0.0], [-0.086513232509434, 51.506603040528105, 0.0], [-0.086516408082291, 51.50660291248804, 0.0], [-0.086519583655134, 51.50660278444792, 0.0], [-0.086522762992846, 51.506602566543314, 0.0], [-0.086525946095408, 51.506602258774286, 0.0], [-0.086529132962801, 51.506601861140794, 0.0], [-0.086532319830142, 51.50660146350724, 0.0], [-0.086535362695476, 51.506601063524116, 0.0], [-0.086538413090467, 51.50660048381223, 0.0], [-0.086541463485382, 51.506599904100234, 0.0], [-0.086544513880222, 51.506599324388176, 0.0], [-0.08654756803982, 51.50659865481166, 0.0], [-0.086550478197389, 51.50659798288564, 0.0], [-0.086553539886461, 51.506597133580236, 0.0], [-0.086556309806724, 51.506596369440274, 0.0], [-0.086559227493647, 51.50659551778532, 0.0], [-0.086562148945267, 51.5065945762659, 0.0], [-0.086564926394839, 51.50659363239699, 0.0], [-0.08698536863929, 51.50668753940204, 0.0], [-0.087681415859123, 51.506789805941054, 0.0], [-0.087778658719745, 51.50681450243196, 0.0], [-0.087874492143028, 51.506852215097915, 0.0], [-0.087867812997661, 51.50687063090848, 0.0], [-0.087941605812451, 51.5068806467326, 0.0], [-0.087909289647008, 51.50697103481077, 0.0], [-0.087626356178623, 51.50776406310748, 0.0], [-0.087562853352196, 51.50794188993958, 0.0], [-0.087561213849347, 51.50794662926993, 0.0], [-0.087367082465199, 51.50849084155292, 0.0], [-0.087210028909575, 51.50893071487654, 0.0], [-0.087206272559678, 51.5089412648505, 0.0], [-0.087170648566653, 51.508938525620195, 0.0], [-0.087147462827884, 51.509003523480885, 0.0], [-0.087136504313669, 51.50903463890675, 0.0], [-0.087120757350441, 51.5090321339289, 0.0], [-0.087129548203149, 51.50900116300125, 0.0], [-0.087131566146747, 51.50899427163173, 0.0], [-0.087112794997379, 51.50899171732804, 0.0], [-0.087111790694663, 51.5089916110219, 0.0], [-0.087097746083874, 51.50895190454816, 0.0], [-0.087102380597082, 51.50893759201938, 0.0], [-0.087105319058555, 51.50892936677799, 0.0], [-0.086976323276099, 51.5089091876728, 0.0], [-0.086581751228026, 51.50884052236653, 0.0], [-0.086313284765974, 51.50880943413995, 0.0], [-0.086298528887838, 51.508827987849486, 0.0], [-0.086273273688618, 51.50882541753466, 0.0], [-0.086270833067952, 51.50882519785852, 0.0], [-0.085763291116629, 51.50876664647809, 0.0], [-0.085457416513831, 51.50873071920061, 0.0], [-0.085311904215358, 51.50871611380715, 0.0], [-0.085307586044921, 51.508709119025966, 0.0], [-0.085303267875782, 51.508702124244635, 0.0], [-0.08507897770652, 51.50867948799745, 0.0], [-0.084902129750824, 51.50865268010171, 0.0], [-0.08481721144398, 51.508639872855106, 0.0], [-0.084136208030349, 51.50849107380872, 0.0], [-0.084121088726762, 51.50849766118328, 0.0], [-0.084115750643631, 51.5084875022931, 0.0], [-0.083749982760082, 51.508446905157605, 0.0], [-0.083705801890567, 51.50844204669197, 0.0]]]}}]}